icao,iata,name,location,country,timezone,hub,lat,lon,ground_handling_cost,fuel_100ll_cost,fuel_jeta_cost,fuel_mogas_cost
BGBW,UAK,Narsarsuaq Airport,Narsarsuaq,Greenland,America/Godthab,0,61.16052,-45.42598,,,,
BGCO,CNP,Nerlerit Inaat Airport,Ittorisseq,Greenland,America/Scoresbysund,0,70.74311,-22.65038,,,,
BGGH,GOH,Nuuk Airport,Nuuk,Greenland,America/Godthab,0,64.19092,-51.67806,,,,
BGJN,JAV,Ilulissat Airport,Ilulissat,Greenland,America/Godthab,0,69.24079,-51.06351,,,,
BGKK,KUS,Kulusuk Airport,Kulusuk,Greenland,America/Godthab,0,65.57316,-37.13233,,,,
BGSF,SFJ,Kangerlussuaq Airport,Kangerlussuaq,Greenland,America/Godthab,0,67.01185,-50.71366,,,,
BIAR,AEY,Akureyri Airport,Akureyri,Iceland,Atlantic/Reykjavik,0,65.65999,-18.07270,,,,
BIEG,EGS,Egilsstadir Airport,Fellabaer,Iceland,Atlantic/Reykjavik,0,65.28333,-14.40000,,,,
BIGR,GRY,Grimsey Airport,Grímsey,Iceland,Atlantic/Reykjavik,0,66.54662,-18.01723,,,,
BIIS,IFJ,Isafjoerdur Airport,Ísafjörður,Iceland,Atlantic/Reykjavik,0,66.05810,-23.13530,,,,
BIKF,KEF,Keflavik International Airport,Reykjanesbær,Iceland,Atlantic/Reykjavik,0,63.98500,-22.60556,,,,
BIRK,RKV,Reykjavik Airport,Reykjavík,Iceland,Atlantic/Reykjavik,0,64.13000,-21.94056,,,,
BITN,THO,THorshoefn Airport,Þórshöfn,Iceland,Atlantic/Reykjavik,0,66.21830,-15.33470,,,,
BIVO,VPN,Vopnafjoerdur Airport,Vopnafjörður,Iceland,Atlantic/Reykjavik,0,65.72057,-14.85060,,,,
BKPR,PRN,Pristina International Airport (PIA),Radevo,Kosovo,Europe/Belgrade,0,42.57278,21.03583,,,,
CYEG,YEG,Edmonton International Airport,Nisku,Canada,America/Edmonton,0,53.30801,-113.58447,,,,
CYQX,YQX,Gander International Airport,Gander,Canada,America/St_Johns,0,48.94483,-54.56081,,,,
CYUL,YUL,Montreal-Pierre Elliott Trudeau International Airport,Dorval,Canada,America/Toronto,0,45.46106,-73.75019,,,,
CYVR,YVR,Vancouver International Airport,Burkeville,Canada,America/Vancouver,0,49.19489,-123.17923,,,,
CYYZ,YYZ,Toronto Pearson International Airport,Centennial Park,Canada,America/Toronto,0,43.68066,-79.61286,,,,
EBBR,BRU,Brussels Airport,Melsbroek,Belgium,Europe/Brussels,0,50.90139,4.48444,,,,
EBCI,CRL,Brussels South Charleroi Airport,Diarbois,Belgium,Europe/Brussels,0,50.45920,4.45382,,,,
EBLG,LGG,Liege Airport,Crotteux,Belgium,Europe/Brussels,0,50.63742,5.44322,,,,
EDDB,BER,Berlin Brandenburg Airport,Selchow,Germany,Europe/Berlin,0,52.36213,13.50168,,,,
EDDF,FRA,Frankfurt Airport,Kelsterbach,Germany,Europe/Berlin,0,50.04060,8.55603,,,,
EDDH,HAM,Hamburg Airport,Ohe,Germany,Europe/Berlin,0,53.63039,9.98823,,,,
EDDK,CGN,Cologne Bonn Airport,Kalmusweier,Germany,Europe/Berlin,0,50.87894,7.12292,,,,
EDDL,DUS,Duesseldorf International Airport,Kalkum,Germany,Europe/Berlin,0,51.28066,6.76715,,,,
EDDM,MUC,Munich International Airport,Franzheim,Germany,Europe/Berlin,0,48.35378,11.78609,,,,
EDDN,NUE,Nuremberg Airport,Schnepfenreuth,Germany,Europe/Berlin,0,49.49575,11.07576,,,,
EDDP,LEJ,Leipzig-Halle Airport,Kursdorf,Germany,Europe/Berlin,0,51.42126,12.22195,,,,
EDDS,STR,Stuttgart Airport,Echterdingen,Germany,Europe/Berlin,0,48.69034,9.19521,,,,
EDDV,HAJ,Hannover-Langenhagen Airport,Evershorst,Germany,Europe/Berlin,0,52.45957,9.69269,,,,
EDDW,BRE,Bremen Airport,Grolland,Germany,Europe/Berlin,0,53.04750,8.78667,,,,
EDFH,HHN,Frankfurt-Hahn Airport,Lautzenhausen,Germany,Europe/Berlin,0,49.94867,7.26389,,,,
EDJA,FMM,Allgaeu Airport  Memmingen,Memmingerberg,Germany,Europe/Berlin,0,47.98751,10.23622,,,,
EDLV,NRN,Niederrhein Weeze Airport,Baal,Germany,Europe/Berlin,0,51.60250,6.14222,,,,
EDLW,DTM,Dortmund Airport,Natorper Chaussee,Germany,Europe/Berlin,0,51.51831,7.61224,,,,
EDNY,FDH,Friedrichshafen,Allmannsweiler,Germany,Europe/Berlin,0,47.66667,9.50000,,,,
EDSB,FKB,Karlsruhe/Baden-Baden Airport,Schiftung,Germany,Europe/Berlin,0,48.77935,8.08050,,,,
EETN,TLL,Tallinn Airport,Peetri,Estonia,Europe/Tallinn,0,59.41651,24.79940,,,,
EFHK,HEL,Helsinki-Vantaa Airport,Veromies,Finland,Europe/Helsinki,0,60.31722,24.96333,,,,
EGAA,BFS,Belfast International Airport,Aldergrove,United Kingdom,Europe/London,0,54.65750,-6.21583,,,,
EGAC,BHD,George Best Belfast City Airport,Sydenham,United Kingdom,Europe/London,0,54.61806,-5.87250,,,,
EGAE,LDY,City of Derry Airport,Greysteel,United Kingdom,Europe/London,0,55.04278,-7.16111,,,,
EGBB,BHX,Birmingham Airport,Marston Green,United Kingdom,Europe/London,0,52.45386,-1.74803,,,,
EGCC,MAN,Manchester Airport,Ringway,United Kingdom,Europe/London,0,53.35374,-2.27495,,,,
EGCN,DSA,Robin Hood Airport Doncaster Sheffield,Finningley,United Kingdom,Europe/London,0,53.48181,-1.00542,,,,
EGFF,CWL,Cardiff Airport,Rhoose,United Kingdom,Europe/London,0,51.39667,-3.34333,,,,
EGGD,BRS,Bristol Airport,Downside,United Kingdom,Europe/London,0,51.38267,-2.71909,,,,
EGGP,LPL,Liverpool Airport,Speke,United Kingdom,Europe/London,0,53.33333,-2.85000,,,,
EGGW,LTN,Luton Airport,Chiltern Green,United Kingdom,Europe/London,0,51.87472,-0.36833,,,,
EGHI,SOU,Southampton / Weather Centre,North Stoneham,United Kingdom,Europe/London,0,50.95026,-1.35680,,,,
EGHQ,NQY,Newquay Cornwall Airport,Carloggas,United Kingdom,Europe/London,0,50.44056,-4.99541,,,,
EGJB,GCI,Guernsey Airport,Hautnez,Guernsey,Europe/Guernsey,0,49.43496,-2.60197,,,,
EGJJ,JER,Jersey Airport,La Presse,Jersey,Europe/Jersey,0,49.20787,-2.19456,,,,
EGKK,LGW,London Gatwick Airport,Gatwick,United Kingdom,Europe/London,0,51.15609,-0.17818,,,,
EGLC,LCY,London City Airport,North Woolwich,United Kingdom,Europe/London,0,51.50528,0.05528,,,,
EGLF,FAB,Farnborough Airport,Cove,United Kingdom,Europe/London,0,51.27583,-0.77633,,,,
EGLL,LHR,London Heathrow Airport,Heathrow,United Kingdom,Europe/London,0,51.47115,-0.45649,,,,
EGMC,SEN,London Southend Airport,Rochford,United Kingdom,Europe/London,0,51.57139,0.69556,,,,
EGNJ,HUY,Humberside Airport,Kirmington,United Kingdom,Europe/London,0,53.57444,-0.35083,,,,
EGNM,LBA,Leeds Bradford International Airport,Moor Side,United Kingdom,Europe/London,0,53.86590,-1.66057,,,,
EGNO,WRT,Warton Airport,Warton,United Kingdom,Europe/London,0,53.74333,-2.89138,,,,
EGNS,IOM,Isle Of Man / Ronaldsway Airport,Ronaldsway,Isle of Man,Europe/Isle_of_Man,0,54.08333,-4.62389,,,,
EGNT,NCL,Newcastle International Airport,Prestwick,United Kingdom,Europe/London,0,55.03750,-1.69167,,,,
EGNV,MME,Durham Tees Valley Airport,Middleton One Row,United Kingdom,Europe/London,0,54.50919,-1.42941,,,,
EGNX,EMA,East Midlands Airport,Castle Donington,United Kingdom,Europe/London,0,52.83111,-1.32806,,,,
EGPA,KOI,Kirkwall Airport,Tankerness,United Kingdom,Europe/London,0,58.95778,-2.90500,,,,
EGPB,LSI,Sumburgh Airport,Scatness,United Kingdom,Europe/London,0,59.87889,-1.29556,,,,
EGPC,WIC,Wick Airport,Ackergill,United Kingdom,Europe/London,0,58.45889,-3.09306,,,,
EGPD,ABZ,Aberdeen International Airport,Walton,United Kingdom,Europe/London,0,57.20194,-2.19778,,,,
EGPE,INV,Inverness Dalcross Airport,Dalcross,United Kingdom,Europe/London,0,57.54250,-4.04750,,,,
EGPF,GLA,Glasgow Airport,Merksworth,United Kingdom,Europe/London,0,55.87194,-4.43306,,,,
EGPH,EDI,Edinburgh Airport,Ingliston,United Kingdom,Europe/London,1,55.95000,-3.37250,,,,
EGPI,ILY,Islay Airport,Glenegedale,United Kingdom,Europe/London,0,55.68194,-6.25667,,,,
EGPK,PIK,Prestwick Airport,Monkton,United Kingdom,Europe/London,0,55.50944,-4.58667,,,,
EGPL,BEB,Benbecula Airport,Dunganachy,United Kingdom,Europe/London,0,57.48111,-7.36278,,,,
EGPM,SCS,Scatsa Airport,Brae,United Kingdom,Europe/London,0,60.43278,-1.29611,,,,
EGPN,DND,Dundee Riverside Airport,Invergowrie,United Kingdom,Europe/London,0,56.45250,-3.02583,,,,
EGPO,SYY,Stornoway Airport,Melbost,United Kingdom,Europe/London,0,58.21556,-6.33111,,,,
EGSH,NWI,Norwich International Airport,Horsham St Faith,United Kingdom,Europe/London,0,52.67583,1.28278,,,,
EGSS,STN,London Stansted Airport,Burton End,United Kingdom,Europe/London,0,51.88500,0.23500,,,,
EGTE,EXT,Exeter Airport,Cranbrook,United Kingdom,Europe/London,0,50.73444,-3.41389,,,,
EHAM,SPL,Amsterdam Airport Schiphol,Oude Meer,Netherlands,Europe/Amsterdam,0,52.31030,4.76028,,,,
EHBK,MST,Maastricht Aachen Airport,Moorveld,Netherlands,Europe/Amsterdam,0,50.91166,5.77014,,,,
EHEH,EIN,Eindhoven Airport,Scherpenering,Netherlands,Europe/Amsterdam,0,51.45014,5.37453,,,,
EICK,ORK,Cork Airport,Fivemilebridge,Ireland,Europe/Dublin,0,51.84127,-8.49111,,,,
EIDL,CFN,Donegal Airport,Rann Na Feirste,Ireland,Europe/Dublin,0,55.04413,-8.34128,,,,
EIDW,DUB,Dublin Airport,Coultry,Ireland,Europe/Dublin,0,53.42133,-6.27008,,,,
EIKN,NOC,Ireland West Airport Knock,Lurga,Ireland,Europe/Dublin,0,53.91028,-8.81806,,,,
EIKY,KIR,Kerry Airport,Farranfore,Ireland,Europe/Dublin,0,52.18090,-9.52378,,,,
EINN,SNN,Shannon Airport,Rineanna,Ireland,Europe/Dublin,0,52.70198,-8.92482,,,,
EKAH,AAR,Aarhus Airport,Stabrand,Denmark,Europe/Copenhagen,0,56.30230,10.62627,,,,
EKBI,BLL,Billund Lufthavn,Gødsbøl,Denmark,Europe/Copenhagen,0,55.74032,9.15178,,,,
EKCH,CPH,Copenhagen Airport,Maglebylille,Denmark,Europe/Copenhagen,0,55.61792,12.65597,,,,
EKEB,EBJ,Esbjerg Airport,Briksbøl,Denmark,Europe/Copenhagen,0,55.51667,8.55000,,,,
EKOD,ODE,Odense Airport,Beldringe,Denmark,Europe/Copenhagen,0,55.47666,10.33093,,,,
EKVG,FAE,Vagar Airport,Sørvágur,Faroe Islands,Atlantic/Faroe,0,62.06565,-7.28055,,,,
EKYT,AAL,Aalborg Airport,Øster Halne Enge,Denmark,Europe/Copenhagen,0,57.09279,9.84916,,,,
ELLX,LUX,Luxembourg Findel Airport,Grevelscheuer,Luxembourg,Europe/Luxembourg,0,49.62658,6.21152,,,,
ENAL,AES,Alesund Airport  Vigra,Vigra,Norway,Europe/Oslo,0,62.56037,6.11016,,,,
ENAN,ANX,Andoya Andenes Airport,Andenes,Norway,Europe/Oslo,0,69.29250,16.14417,,,,
ENAT,ALF,Alta Lufthavn,Nedre Aronnes,Norway,Europe/Oslo,0,69.97611,23.37167,,,,
ENBL,FDE,Forde Airport  Bringeland,Espeland,Norway,Europe/Oslo,0,61.39216,5.76199,,,,
ENBN,BNN,Bronnoysund Bronnoy Airport,Brønnøysund,Norway,Europe/Oslo,0,65.46111,12.21750,,,,
ENBO,BOO,Bodo Airport,Hernes,Norway,Europe/Oslo,0,67.26917,14.36528,,,,
ENBR,BGO,Bergen / Flesland,Flesland,Norway,Europe/Oslo,0,60.29339,5.21814,,,,
ENBS,BJF,Batsfjord Airport,Båtsfjord,Norway,Europe/Oslo,0,70.60201,29.69416,,,,
ENBV,BVG,Berlevag Airport,Berlevåg,Norway,Europe/Oslo,0,70.87100,29.02944,,,,
ENCN,KRS,Kristiansand Airport  Kjevik,Ve,Norway,Europe/Oslo,0,58.20421,8.08537,,,,
ENDU,BDU,Bardufoss Airport,Rusta,Norway,Europe/Oslo,0,69.05576,18.54036,,,,
ENEV,EVE,Harstad/Narvik Airport  Evenes,Guottodievvá,Norway,Europe/Oslo,0,68.49130,16.67811,,,,
ENFL,FRO,Floro Airport,Florø,Norway,Europe/Oslo,0,61.58361,5.02472,,,,
ENGM,OSL,Oslo Airport  Gardermoen,Gardermoen,Norway,Europe/Oslo,0,60.19392,11.10036,,,,
ENHD,HAU,Haugesund Airport  Karmoy,Visnes,Norway,Europe/Oslo,0,59.34527,5.20836,,,,
ENHF,HFT,Hammerfest Airport,Meland,Norway,Europe/Oslo,0,70.68037,23.67262,,,,
ENHK,HAA,Hasvik Airport,Hasvik,Norway,Europe/Oslo,0,70.48668,22.13974,,,,
ENHV,HVG,Honningsvag Airport  Valan,Nordmannset,Norway,Europe/Oslo,0,71.00948,25.97786,,,,
ENKB,KSU,Kristiansund Airport  Kvernberget,Byskogen,Norway,Europe/Oslo,0,63.11178,7.82452,,,,
ENKR,KKN,Kirkenes,Høybukt,Norway,Europe/Oslo,0,69.72578,29.89129,,,,
ENLK,LKN,Leknes Airport,Leknes,Norway,Europe/Oslo,0,68.15425,13.61326,,,,
ENMH,MEH,Mehamn Airport,Mehamn,Norway,Europe/Oslo,0,71.02902,27.82640,,,,
ENML,MOL,Molde Airport  Aro,Indre Fanbostad,Norway,Europe/Oslo,0,62.74472,7.26250,,,,
ENMS,MJF,Mosjoen Airport  Kjaerstad,Aufles,Norway,Europe/Oslo,0,65.78400,13.21491,,,,
ENNA,LKL,Lakselv Banak Airport,Lakselv,Norway,Europe/Oslo,0,70.06881,24.97349,,,,
ENNM,OSY,Namsos Lufthavn,Spillum,Norway,Europe/Oslo,0,64.46667,11.58333,,,,
ENOL,OLA,Orland Airport,Djupdalen,Norway,Europe/Oslo,0,63.69891,9.60400,,,,
ENOV,HOV,Orsta-Volda Airport  Hovden,Indrehovden,Norway,Europe/Oslo,0,62.17979,6.07325,,,,
ENRA,MQN,Mo i Rana Airport  Rossvoll,Røssvoll,Norway,Europe/Oslo,0,66.36458,14.30012,,,,
ENRM,RVK,Rorvik Airport  Ryum,Ryem,Norway,Europe/Oslo,0,64.83847,11.14584,,,,
ENRO,RRS,Roros Airport,Sundet,Norway,Europe/Oslo,0,62.57841,11.34235,,,,
ENRS,RET,Rost Flyplass,Røst,Norway,Europe/Oslo,0,67.52780,12.10330,,,,
ENSB,LYR,Svalbard Airport  Longyear,Longyearbyen,Svalbard and Jan Mayen,Arctic/Longyearbyen,0,78.24611,15.46556,,,,
ENSD,SDN,Sandane / Anda,Gloppen,Norway,Europe/Oslo,0,61.83333,6.11667,,,,
ENSG,SOG,Sogndal / Haukasen,Holm,Norway,Europe/Oslo,0,61.15000,7.13333,,,,
ENSH,SVJ,Svolvaer Airport  Helle,Svolvær,Norway,Europe/Oslo,0,68.24503,14.66958,,,,
ENSK,SKN,Storkmarknes / Skagen,Skagen,Norway,Europe/Oslo,0,68.58333,15.01667,,,,
ENSR,SOJ,Sorkjosen Airport,Sørkjosen,Norway,Europe/Oslo,0,69.78619,20.96088,,,,
ENSS,VAW,Vardo Airport  Svartnes,Svartnes,Norway,Europe/Oslo,0,70.35539,31.04489,,,,
ENST,SSJ,Sandnessjoen Airport  Stokka,Søvik,Norway,Europe/Oslo,0,65.95683,12.46894,,,,
ENTC,TOS,Tromso Airport  Langnes,Bjorvik,Norway,Europe/Oslo,0,69.68333,18.91667,,,,
ENTO,TRF,Sandefjord Airport  Torp,Torp,Norway,Europe/Oslo,0,59.18670,10.25863,,,,
ENVA,TRD,Trondheim Airport  Vaernes,Stjørdalshalsen,Norway,Europe/Oslo,0,63.45756,10.92425,,,,
ENVD,VDS,Vadso Airport,Været,Norway,Europe/Oslo,0,70.06477,29.83990,,,,
ENZV,SVG,Stavanger Airport  Sola,Gimra,Norway,Europe/Oslo,0,58.87678,5.63786,,,,
EPBY,BZG,Bydgoszcz Ignacy Jan Paderewski Airport,Biedaszkowo,Poland,Europe/Warsaw,0,53.09680,17.97770,,,,
EPGD,GDN,Gdansk Lech Walesa Airport,Matarnia,Poland,Europe/Warsaw,0,54.37808,18.46823,,,,
EPKK,KRK,John Paul II International Airport Krakow-Balice,Balice,Poland,Europe/Warsaw,0,50.07617,19.79157,,,,
EPKT,KTW,Katowice International Airport,Pyrzowice,Poland,Europe/Warsaw,0,50.47425,19.08002,,,,
EPLB,LUZ,Lublin Airport,Świdnik Duży Drugi,Poland,Europe/Warsaw,0,51.23997,22.71333,,,,
EPLL,LCJ,Lodz Wladyslaw Reymont Airport,Chocianowice,Poland,Europe/Warsaw,0,51.71667,19.40000,,,,
EPMO,WMI,Warsaw-Modlin Mazovia Airport,Cegielnia-Kosewo,Poland,Europe/Warsaw,0,52.45117,20.65271,,,,
EPPO,POZ,Poznan-Lawica Airport,Ławica,Poland,Europe/Warsaw,0,52.42103,16.82633,,,,
EPRZ,RZE,Rzeszow-Jasionka Airport,Tajęcina,Poland,Europe/Warsaw,0,50.10996,22.01900,,,,
EPSC,SZZ,Szczecin-Goleniow Airport,Marszewo,Poland,Europe/Warsaw,0,53.58473,14.90221,,,,
EPWA,WAW,Warsaw Chopin Airport,Zbarz,Poland,Europe/Warsaw,0,52.16575,20.96712,,,,
EPWR,WRO,Wroclaw-Copernicus Airport,Jerzmanowo,Poland,Europe/Warsaw,0,51.10268,16.88584,,,,
ESGG,GOT,Gothenburg-Landvetter Airport,Skulltorp,Sweden,Europe/Stockholm,0,57.66818,12.29083,,,,
ESGJ,JKG,Joenkoeping Airport,Sandseryd,Sweden,Europe/Stockholm,0,57.75759,14.06873,,,,
ESMS,MMX,Malmoe Airport,Sturup,Sweden,Europe/Stockholm,0,55.54205,13.37200,,,,
ESMX,VXO,Vaexjoe Smaland Airport,Nöbbele,Sweden,Europe/Stockholm,0,56.92914,14.72799,,,,
ESSA,ARN,Stockholm Arlanda Airport,Arlanda,Sweden,Europe/Stockholm,0,59.65200,17.93132,,,,
ESSB,BMA,Stockholm-Bromma Airport,Sundbyberg,Sweden,Europe/Stockholm,0,59.35538,17.94561,,,,
ESSP,NRK,Norrkoeping Airport,Berga,Sweden,Europe/Stockholm,0,58.58597,16.24054,,,,
ESSV,VBY,Visby Airport,Stora Bläsungs,Sweden,Europe/Stockholm,0,57.66280,18.34621,,,,
ETAR,RMS,Ramstein,Kindsbach,Germany,Europe/Berlin,0,49.43691,7.60028,,,,
ETNG,GKE,NATO Air Base Geilenkirchen,Pannenschöpp,Germany,Europe/Berlin,0,50.96075,6.04068,,,,
EVRA,RIX,Riga International Airport,Skulte,Latvia,Europe/Riga,0,56.92361,23.97111,,,,
EYKA,KUN,Kaunas Airport,Karmėlava,Lithuania,Europe/Vilnius,0,54.96392,24.08478,,,,
EYPA,PLQ,Palanga International Airport,Paliepgiriai,Lithuania,Europe/Vilnius,0,55.97323,21.09386,,,,
EYVI,VNO,Vilnius International Airport,Ažuolijai,Lithuania,Europe/Vilnius,0,54.63413,25.28577,,,,
GCFV,FUE,Fuerteventura Airport,El Matorral,Spain,Atlantic/Canary,0,28.45272,-13.86376,,,,
GCLP,LPA,Gran Canaria Airport,Gando,Spain,Atlantic/Canary,0,27.93189,-15.38659,,,,
GCRR,ACE,Lanzarote Airport,Playa Honda,Spain,Atlantic/Canary,0,28.95027,-13.60556,,,,
GCTS,TFS,Tenerife South Airport,La Teijita,Spain,Atlantic/Canary,0,28.04447,-16.57249,,,,
GMAD,AGA,Agadir-Al Massira Airport,On Learah,Morocco,Africa/Casablanca,0,30.32500,-9.41307,,,,
GMMX,RAK,Marrakesh Menara Airport,Oulad Chawi,Morocco,Africa/Casablanca,0,31.60689,-8.03630,,,,
GVAC,SID,Amilcar Cabral International Airport,Espargos,Cape Verde,Atlantic/Cape_Verde,0,16.74139,-22.94944,,,,
HAAB,ADD,Addis Ababa Bole International Airport,Goro,Ethiopia,Africa/Addis_Ababa,0,8.97792,38.79805,,,,
KADW,ADW,Andrews Air Force Base,Camp Springs,United States,America/New_York,0,38.81080,-76.86700,,,,
KATL,ATL,Hartsfield-Jackson Atlanta International Airport,Hapeville,United States,America/New_York,0,33.64099,-84.42265,,,,
KBDL,BDL,Bradley International Airport,Bull Run Corner,United States,America/New_York,0,41.93798,-72.68782,,,,
KBOS,BOS,Logan International Airport,Jeffries Point,United States,America/New_York,0,42.36514,-71.01777,,,,
KCLT,CLT,Charlotte Douglas International Airport,Dixie,United States,America/New_York,0,35.22070,-80.94413,,,,
KDEN,DEN,Denver International Airport,Barr Lake,United States,America/Denver,0,39.85891,-104.67326,,,,
KDFW,DFW,Dallas/Fort Worth International Airport,Minters Chapel,United States,America/Chicago,0,32.89595,-97.03720,,,,
KEWR,EWR,Newark Liberty International Airport,Oak Island Junction,United States,America/New_York,0,40.69709,-74.17557,,,,
KFLL,FLL,Fort Lauderdale-Hollywood International Airport,Port Laudania,United States,America/New_York,0,26.07147,-80.14400,,,,
KGRK,GRK,Killeen-Fort Hood Regional Airport,Montague Village,United States,America/Chicago,0,31.06725,-97.82892,,,,
KIAD,IAD,Washington Dulles International Airport,Floris,United States,America/New_York,0,38.94877,-77.44910,,,,
KIAH,IAH,George Bush Intercontinental Airport,Weldon Pines,United States,America/Chicago,0,29.98687,-95.34212,,,,
KIND,IND,Indianapolis International Airport,Bridgeport,United States,America/Indiana/Indianapolis,0,39.71507,-86.29762,,,,
KJFK,JFK,John F. Kennedy International Airport,Springfield Gardens,United States,America/New_York,0,40.63983,-73.77874,,,,
KLAX,LAX,Los Angeles International Airport,El Segundo,United States,America/Los_Angeles,0,33.94251,-118.40897,,,,
KMCI,MCI,Kansas City International Airport,Hampton,United States,America/Chicago,0,39.29623,-94.71775,,,,
KMCO,MCO,Orlando International Airport,Belle Isle Oaks Mobile Home Park,United States,America/New_York,0,28.43103,-81.30768,,,,
KMIA,MIA,Miami International Airport,Virginia Gardens,United States,America/New_York,0,25.79343,-80.29005,,,,
KMKE,MKE,General Mitchell International Airport,Saint Francis,United States,America/Chicago,0,42.94668,-87.89675,,,,
KMSP,MSP,Minneapolis-St Paul International Airport,Mendota,United States,America/Chicago,0,44.88217,-93.20835,,,,
KNKT,NKT,Cherry Point  Marine Corps Air Station,Cherry Point Marine Base Mobile Home Park,United States,America/New_York,0,34.90087,-76.88073,,,,
KORD,ORD,Chicago O'Hare International Airport,Rosemont,United States,America/Chicago,0,41.97959,-87.90446,,,,
KPDX,PDX,Portland International Airport,Russell Landing,United States,America/Los_Angeles,0,45.58919,-122.59353,,,,
KPHL,PHL,Philadelphia International Airport,Eastwick,United States,America/New_York,0,39.87835,-75.24018,,,,
KPSM,PSM,Portsmouth International Airport at Pease,Newington,United States,America/New_York,0,43.08457,-70.82307,,,,
KPVD,PVD,Theodore Francis Green State Airport,Hillsgrove,United States,America/New_York,0,41.72610,-71.43524,,,,
KSEA,SEA,Seattle-Tacoma International Airport,SeaTac,United States,America/Los_Angeles,0,47.44899,-122.30929,,,,
KSFB,SFB,Orlando Sanford International Airport,Lordland,United States,America/New_York,0,28.77605,-81.24506,,,,
KSFO,SFO,San Francisco International Airport,Millbrae,United States,America/Los_Angeles,0,37.61882,-122.37580,,,,
KSWF,SWF,Stewart International Airport,Walters Trailer Village,United States,America/New_York,0,41.49874,-74.10045,,,,
LATI,TIA,Tirana International Airport Nene Tereza,Rinas,Albania,Europe/Tirane,0,41.42190,19.71296,,,,
LBBG,BOJ,Burgas Airport,Sarafovo,Bulgaria,Europe/Sofia,0,42.56958,27.51524,,,,
LBSF,SOF,Sofia Airport,Busmantsi,Bulgaria,Europe/Sofia,0,42.69519,23.40617,,,,
LBWN,VAR,Varna Airport,Topoli,Bulgaria,Europe/Sofia,0,43.23207,27.82511,,,,
LCLK,LCA,Larnaca International Airport,Dromolaxia-Meneou Municipality,Cyprus,Asia/Nicosia,0,34.87512,33.62485,,,,
LCPH,PFO,Paphos International Airport,Achéleia,Cyprus,Asia/Nicosia,0,34.71804,32.48573,,,,
LDDU,DBV,Dubrovnik Airport,Durovići,Croatia,Europe/Zagreb,0,42.56135,18.26824,,,,
LDPL,PUY,Pula Airport,Ivaničići,Croatia,Europe/Zagreb,0,44.89353,13.92219,,,,
LDRI,RJK,Rijeka/Krk Airport,Omišalj,Croatia,Europe/Zagreb,0,45.21689,14.57027,,,,
LDSP,SPU,Split Airport,Divulje,Croatia,Europe/Zagreb,0,43.53894,16.29796,,,,
LDZA,ZAG,Zagreb Franjo Tugman Airport,Pleso,Croatia,Europe/Zagreb,0,45.74056,16.06833,,,,
LDZD,ZAD,Zadar Airport,Smrdelje,Croatia,Europe/Zagreb,0,44.10827,15.34670,,,,
LEAL,ALC,Alicante-Elche Airport,El Altet,Spain,Europe/Madrid,0,38.28217,-0.55816,,,,
LEAM,LEI,Almeria Airport,Costacabana,Spain,Europe/Madrid,0,36.84394,-2.37010,,,,
LEBB,BIO,Bilbao Airport,Bilboko aireportua / Aeropuerto de Bilbao,Spain,Europe/Madrid,0,43.30110,-2.91061,,,,
LEBL,BCN,Barcelona-El Prat Airport,El Mas Blau,Spain,Europe/Madrid,0,41.29708,2.07846,,,,
LEGE,GRO,Aeroport de Girona - Costa Brava,Salitja,Spain,Europe/Madrid,0,41.90097,2.76055,,,,
LEIB,IBZ,Ibiza Airport,Sant Jordi,Spain,Europe/Madrid,0,38.87286,1.37312,,,,
LELC,MJV,Murcia-San Javier Airport,Los Buenos,Spain,Europe/Madrid,0,37.77497,-0.81239,,,,
LEMD,MAD,Adolfo Suarez Madrid-Barajas Airport,Paracuellos de Jarama,Spain,Europe/Madrid,0,40.49181,-3.56948,,,,
LEMG,AGP,Malaga Airport,Guadalmar,Spain,Europe/Madrid,0,36.67490,-4.49911,,,,
LEMH,MAH,Menorca Airport,Sant Climent,Spain,Europe/Madrid,0,39.86260,4.21865,,,,
LEPA,PMI,Palma de Mallorca Airport,Can Pastilla,Spain,Europe/Madrid,0,39.55000,2.73333,,,,
LERS,REU,Reus Airport,La Canonja,Spain,Europe/Madrid,0,41.14739,1.16717,,,,
LEST,SCQ,Santiago de Compostela Airport,Sabugueira,Spain,Europe/Madrid,0,42.89766,-8.41793,,,,
LEVC,VLC,Valencia Airport,Manises,Spain,Europe/Madrid,0,39.48931,-0.48163,,,,
LEVX,VGO,Vigo-Peinador Airport,Guizán,Spain,Europe/Madrid,0,42.23180,-8.62678,,,,
LEXJ,SDR,Santander Airport,Maliaño,Spain,Europe/Madrid,0,43.42720,-3.82335,,,,
LEZL,SVQ,Seville San Pablo Airport,Valdezorras,Spain,Europe/Madrid,0,37.41800,-5.89311,,,,
LFBD,BOD,Bordeaux-Merignac Airport,Veyrines,France,Europe/Paris,0,44.82834,-0.71556,,,,
LFBE,EGC,Bergerac-Roumaniere,La Conne-de-Bergerac,France,Europe/Paris,0,44.82528,0.51861,,,,
LFBH,LRH,La Rochelle - Ile de Re Airport,Laleu,France,Europe/Paris,0,46.17917,-1.19528,,,,
LFBO,TLS,Toulouse-Blagnac Airport,Blagnac,France,Europe/Paris,0,43.62908,1.36382,,,,
LFBT,LDE,Tarbes-Lourdes-Pyrenees Airport,Ossun,France,Europe/Paris,0,43.17867,-0.00644,,,,
LFBZ,BIQ,Biarritz Pays Basque Airport,La Négresse,France,Europe/Paris,0,43.46842,-1.52333,,,,
LFCR,RDZ,Rodez-Marcillac Airport,Balsac,France,Europe/Paris,0,44.40787,2.48267,,,,
LFKB,BIA,Bastia-Poretta,Torra,France,Europe/Paris,0,42.55266,9.48373,,,,
LFKJ,AJA,Ajaccio Napoleon Bonaparte Airport,Bastelicaccia,France,Europe/Paris,0,41.92364,8.80292,,,,
LFLL,LYS,Lyon-Saint Exupery Airport,Saugnieu,France,Europe/Paris,0,45.72639,5.09083,,,,
LFMK,CCF,Carcassonne-Salvaza,Grèzes-Herminis,France,Europe/Paris,0,43.21598,2.30632,,,,
LFML,MRS,Marseille Provence Airport,Marignane,France,Europe/Paris,0,43.43556,5.21361,,,,
LFMN,NCE,Nice Cote d'Azur International Airport,Nice Saint-Augustin,France,Europe/Paris,0,43.66272,7.20787,,,,
LFMP,PGF,Perpignan-Rivesaltes Airport,Peyrestortes,France,Europe/Paris,0,42.74044,2.87067,,,,
LFMT,MPL,Montpellier-Mediterranee Airport,Pérols,France,Europe/Paris,0,43.57762,3.95860,,,,
LFMU,BZR,Beziers Cap d'Agde Airport,Portiragnes,France,Europe/Paris,0,43.32215,3.35319,,,,
LFOB,BVA,Beauvais-Tille Airport,Tillé,France,Europe/Paris,0,49.45444,2.11278,,,,
LFOT,TUF,Tours Val de Loire Airport,Parçay-Meslay,France,Europe/Paris,0,47.43222,0.72761,,,,
LFPB,LBG,Paris-Le Bourget Airport,Bonneuil-en-France,France,Europe/Paris,0,48.96944,2.44139,,,,
LFPG,CDG,Paris Charles de Gaulle Airport,Épiais-lès-Louvres,France,Europe/Paris,0,49.01278,2.55000,,,,
LFPO,ORY,Paris Orly Airport,La Vieille Poste,France,Europe/Paris,0,48.72528,2.35944,,,,
LFRS,NTE,Nantes Atlantique Airport,Château-Bougon,France,Europe/Paris,0,47.15319,-1.61072,,,,
LFSB,MLH,EuroAirport Basel-Mulhouse-Freiburg,Hésingue,France,Europe/Paris,0,47.58958,7.52991,,,,
LGAV,ATH,Athens Eleftherios Venizelos International Airport,Spáta,Greece,Europe/Athens,0,37.93636,23.94447,,,,
LGIR,HER,Heraklion International Airport,Heraklion Airport Terminal,Greece,Europe/Athens,0,35.33907,25.17513,,,,
LGKF,EFL,Cephalonia International Airport,Kefalonia,Greece,Europe/Athens,0,38.12007,20.50048,,,,
LGKL,KLX,Kalamata Airport,Mikrománi,Greece,Europe/Athens,0,37.06832,22.02552,,,,
LGKO,KGS,Kos Airport,Antimácheia,Greece,Europe/Athens,0,36.79333,27.09167,,,,
LGKP,AOK,Karpathos Island National Airport,Kipi Afiarti,Greece,Europe/Athens,0,35.42141,27.14601,,,,
LGKR,CFU,Corfu International Airport  "Ioannis Kapodistrias",Kanáli,Greece,Europe/Athens,0,39.60194,19.91167,,,,
LGKV,KVA,Kavala International Airport,Paralía Agiásmatos,Greece,Europe/Athens,0,40.91331,24.61922,,,,
LGMT,MJT,Mytilene International Airport "Odysseas Elytis",Agía Paraskefí Agías Marínis,Greece,Europe/Athens,0,39.05428,26.60279,,,,
LGPZ,PVK,Aktion Airport,Áktio,Greece,Europe/Athens,0,38.92547,20.76531,,,,
LGRP,RHO,Rhodes International Airport,Vagiés,Greece,Europe/Athens,0,36.40542,28.08619,,,,
LGSA,CHQ,Chania International Airport,Mouzourás,Greece,Europe/Athens,0,35.53175,24.14968,,,,
LGSK,JSI,Skiathos Airport 'Alexandros Papadiamantis',Kalyvia,Greece,Europe/Athens,0,39.17710,23.50368,,,,
LGSM,SMI,Samos Aristarchos International Airport,Potokáki,Greece,Europe/Athens,0,37.69000,26.91167,,,,
LGSR,JTR,Santorini Airport,Agia Paraskevi,Greece,Europe/Athens,0,36.39917,25.47933,,,,
LGST,JSH,Sitia Airport,Sitia,Greece,Europe/Athens,0,35.21610,26.10130,,,,
LGTS,SKG,Thessaloniki Airport,Trimívi,Greece,Europe/Athens,0,40.51973,22.97095,,,,
LGZA,ZTH,Zakynthos International Airport,Margaraíiika,Greece,Europe/Athens,0,37.75085,20.88425,,,,
LHBP,BUD,Budapest Ferenc Liszt International Airport,Vecsés,Hungary,Europe/Budapest,0,47.43693,19.25559,,,,
LIBD,BRI,Bari Karol Wojtyla Airport,Palese,Italy,Europe/Rome,0,41.13697,16.76188,,,,
LICC,CTA,Catania-Fontanarossa Airport,Catania,Italy,Europe/Rome,0,37.46678,15.06640,,,,
LICJ,PMO,Falcone-Borsellino Airport,Cinisi,Italy,Europe/Rome,0,38.17596,13.09102,,,,
LIEA,AHO,Alghero-Fertilia Airport,Casa Minnina,Italy,Europe/Rome,0,40.63213,8.29077,,,,
LIEO,OLB,Olbia - Costa Smeralda Airport,Sporula,Italy,Europe/Rome,0,40.89866,9.51763,,,,
LIMC,MXP,Milano Malpensa Airport,Vizzola Ticino,Italy,Europe/Rome,0,45.62754,8.71508,,,,
LIME,BGY,Il Caravaggio International Airport,Portico Caleppio,Italy,Europe/Rome,0,45.67389,9.70417,,,,
LIMJ,GOA,Genoa Cristoforo Colombo Airport,Sestri Ponente,Italy,Europe/Rome,0,44.41493,8.85041,,,,
LIML,LIN,Milano Linate Airport,Linate,Italy,Europe/Rome,0,45.46081,9.27952,,,,
LIPA,AVB,Aviano Airport,Nogheredò,Italy,Europe/Rome,0,46.02944,12.59750,,,,
LIPE,BLQ,Bologna Guglielmo Marconi Airport,San Vitale Grande,Italy,Europe/Rome,0,44.53544,11.28867,,,,
LIPH,TSF,Treviso Airport,Sant'Angelo,Italy,Europe/Rome,0,45.64840,12.19442,,,,
LIPX,VRN,Verona Villafranca Airport,Accademia,Italy,Europe/Rome,0,45.39571,10.88853,,,,
LIPZ,VCE,Venice Marco Polo Airport,Tessera,Italy,Europe/Rome,0,45.50487,12.34138,,,,
LIRA,CIA,Roma Ciampino Airport,Ciampino,Italy,Europe/Rome,0,41.79936,12.59494,,,,
LIRF,FCO,Leonardo da Vinci-Fiumicino Airport,Fiumicino,Italy,Europe/Rome,0,41.79352,12.25259,,,,
LIRN,NAP,Naples International Airport,Capodichino,Italy,Europe/Rome,0,40.88603,14.29078,,,,
LIRP,PSA,Pisa International Airport,Airport Pisa,Italy,Europe/Rome,0,43.68392,10.39275,,,,
LIRQ,FLR,Florence Peretola Airport,Ponte a Giogoli,Italy,Europe/Rome,0,43.80995,11.20510,,,,
LJLJ,LJU,Ljubljana Joze Pucnik Airport,Voglje,Slovenia,Europe/Ljubljana,0,46.22369,14.45761,,,,
LKPR,PRG,Prague Vaclav Havel Airport,Hostivice,Czech Republic,Europe/Prague,0,50.10083,14.26000,,,,
LLBG,TLV,Ben Gurion Airport,Yehud-Monosson,Israel,Asia/Jerusalem,0,32.01361,34.88657,,,,
LMML,MLA,Malta International Airport,Tad-Dawl,Malta,Europe/Malta,0,35.85750,14.47722,,,,
LOWI,INN,Innsbruck Airport,Höttinger Au,Austria,Europe/Vienna,0,47.26022,11.34396,,,,
LOWS,SZG,Salzburg Airport,Loig,Austria,Europe/Vienna,0,47.79330,13.00433,,,,
LOWW,VIE,Vienna International Airport,Fischamend Dorf,Austria,Europe/Vienna,0,48.12210,16.55751,,,,
LPFR,FAO,Faro Airport,Arábia,Portugal,Europe/Lisbon,0,37.01443,-7.96591,,,,
LPMA,FNC,Madeira Airport,Água de Pena,Portugal,Atlantic/Madeira,0,32.69778,-16.77444,,,,
LPPR,OPO,Francisco de Sa Carneiro Airport,Prozela,Portugal,Europe/Lisbon,0,41.24806,-8.68139,,,,
LPPT,LIS,Lisbon Humberto Delgado Airport,Charneca,Portugal,Europe/Lisbon,0,38.78131,-9.13592,,,,
LQSA,SJJ,Sarajevo Airport,Butmir,Bosnia and Herzegovina,Europe/Sarajevo,0,43.82458,18.33147,,,,
LRBC,BCM,Bacau "George Enescu" International Airport,Sărata,Romania,Europe/Bucharest,0,46.52195,26.91028,,,,
LRCL,CLJ,Cluj-Napoca International Airport,Sub Coastă,Romania,Europe/Bucharest,0,46.78517,23.68617,,,,
LROP,OTP,Henri Coanda International Airport,Sărindăreanca,Romania,Europe/Bucharest,0,44.57216,26.10218,,,,
LSGG,GVA,Aeroport Geneve-Cointrin,Le Grand-Saconnex,Switzerland,Europe/Zurich,0,46.23756,6.10921,,,,
LSZH,ZRH,Zurich Airport,Kloten,Switzerland,Europe/Zurich,0,47.45264,8.56050,,,,
LTAI,AYT,Antalya Airport,Yeşilköy,Turkey,Europe/Istanbul,0,36.89873,30.80046,,,,
LTAN,KYA,Konya Airport,Kayacık,Turkey,Europe/Istanbul,0,37.97900,32.56186,,,,
LTBA,IST,Istanbul Atatuerk Airport,Küçükçekmece,Turkey,Europe/Istanbul,0,40.97692,28.81461,,,,
LTBJ,ADB,Izmir Adnan Menderes International Airport,Sarnıç,Turkey,Europe/Istanbul,0,38.29239,27.15695,,,,
LTBS,DLM,Dalaman Airport,Kayacık,Turkey,Europe/Istanbul,0,36.71306,28.79250,,,,
LTFE,BJV,Bodrum Milas Airport,Ekinambarı,Turkey,Europe/Istanbul,0,37.25061,27.66431,,,,
LTFG,GZP,Gazipasa-Alanya Airport,Aydıncık,Turkey,Europe/Istanbul,0,36.29922,32.30060,,,,
LTFJ,SAW,Sabiha Goekcen International Airport,Kurtköy,Turkey,Europe/Istanbul,0,40.89861,29.30917,,,,
LTFM,IST,Istanbul Airport,Tayakadın,Turkey,Europe/Istanbul,0,41.26290,28.74242,,,,
LUKK,KIV,Chisinau International Airport,Revaca,Moldova  Republic of,Europe/Chisinau,0,46.92778,28.93083,,,,
LWSK,SKP,Skopje International Airport,Мралино,Macedonia  the Former Yugoslav Republic of,Europe/Skopje,0,41.96162,21.62138,,,,
LYBE,BEG,Belgrade Nikola Tesla Airport,Ledine,Serbia,Europe/Belgrade,0,44.81844,20.30914,,,,
LYTV,TIV,Tivat Airport,Mrčevac,Montenegro,Europe/Podgorica,0,42.40472,18.72278,,,,
LZIB,BTS,Bratislava Airport,Dvor Prebosek,Slovakia,Europe/Bratislava,0,48.17017,17.21267,,,,
MKJS,MBJ,Sangster International Airport,Chatham,Jamaica,America/Jamaica,0,18.50372,-77.91336,,,,
MMUN,CUN,Cancun International Airport,Puerto,Mexico,America/Cancun,0,21.03653,-86.87708,,,,
MUGM,NBW,Guantanamo Bay Naval Base,Phillips Park,Cuba,America/Havana,0,19.90639,-75.20694,,,,
OAKB,KBL,Hamid Karzai International Airport,Qal‘ah-ye Ḩusaīn Gul,Afghanistan,Asia/Kabul,0,34.56585,69.21233,,,,
OKBK,KWI,Kuwait International Airport,Al ‘Abbāsīyah,Kuwait,Asia/Kuwait,0,29.22657,47.96893,,,,
OMAA,AUH,Abu Dhabi International Airport,Khalifah A City,United Arab Emirates,Asia/Dubai,0,24.43297,54.65114,,,,
OMDB,DXB,Dubai International Airport,Bur Dubai,United Arab Emirates,Asia/Dubai,0,25.25278,55.36444,,,,
OMDW,DWC,Dubai World Central - Al Maktoum International Airport,Bab Al Shams,United Arab Emirates,Asia/Dubai,0,24.89780,55.15905,,,,
OOMS,MCT,Muscat International Airport,Al Wusţá,Oman,Asia/Muscat,0,23.60090,58.28605,,,,
OPLA,LHE,Allama Iqbal International Airport,Dher Pindi,Pakistan,Asia/Karachi,0,31.52156,74.40359,,,,
OTHH,DOH,Hamad International Airport,Ra’s Abū Finţās,Qatar,Asia/Qatar,0,25.26911,51.61042,,,,
PANC,ANC,Anchorage International Airport,Turnagain Heights,United States,America/Anchorage,0,61.17417,-149.99611,,,,
RJAA,NRT,Narita International Airport,Sanrizuka,Japan,Asia/Tokyo,0,35.76472,140.38639,,,,
RKSI,ICN,Incheon International Airport,Bungmeori,Korea  Republic of,Asia/Seoul,0,37.44920,126.45095,,,,
TAPA,ANU,V. C. Bird International Airport,Carlisle,Antigua and Barbuda,America/Antigua,0,17.13675,-61.79267,,,,
ULLI,LED,Pulkovo Airport,Verkhneye Koyrovo,Russian Federation,Europe/Moscow,0,59.80029,30.26250,,,,
UUEE,SVO,Sheremetyevo International Airport,Voskresenki,Russian Federation,Europe/Moscow,0,55.97194,37.41389,,,,
UUWW,VKO,Vnukovo International Airport,Annino,Russian Federation,Europe/Moscow,0,55.59153,37.26149,,,,
VHHH,HKG,Hong Kong International Airport,Sham Wan Tsuen,Hong Kong,Asia/Hong_Kong,0,22.31546,113.93372,,,,
VTBS,BKK,Suvarnabhumi Airport,Ban Khlong Nong Kha,Thailand,Asia/Bangkok,0,13.69152,100.75089,,,,
VTSG,KBV,Krabi Airport,Ban Sai Po Nuea,Thailand,Asia/Bangkok,0,8.09985,98.98527,,,,
ZBAA,PEK,Beijing Capital International Airport,Ershilibu,China,Asia/Shanghai,0,40.08011,116.58456,,,,
ZSPD,PVG,Shanghai Pudong International Airport,Tangwan,China,Asia/Shanghai,0,31.14338,121.80521,,,,
