subfleet,iata,icao,airport_id,name,registration,hex_code,mtow,zfw,status
B733,733,B733,EGPH,"Oşeşti",AV-0001,,63276.00,47196.00,A
B733,733,B733,EGPH,"Belton",AV-0002,,63276.00,47196.00,A
B733,733,B733,EGPH,"Enying",AV-0003,,63276.00,47196.00,A
B733,733,B733,EGPH,"Yeşilova",AV-0004,,63276.00,47196.00,A
E195,E95,E195,EGPH,"Agnita",AV-0005,,52290.00,0.00,A
AT72,AT7,AT72,EGPH,"Bo Thong",AV-0006,,21500.00,0.00,A
B744,744,B744,EGPH,"Kinokawa",AV-0007,,396893.00,203973.00,A
A319,319,A319,EGPH,"Coalville",AV-0008,,64000.00,44632.00,A
A319,319,A319,EGPH,"Livno",AV-0009,,64000.00,44632.00,A
A320,320,A320,EGPH,"Levelland",AV-0010,,73500.00,54132.00,A
A319,319,A319,EGPH,"Cantanhede",AV-0011,,64000.00,44632.00,A
A319,319,A319,EGPH,"Nucşoara",AV-0012,,64000.00,44632.00,A
CRJ2,CR2,CRJ2,EGPH,"Pong Nam Ron",AV-0013,,23133.00,16668.00,A
CRJ2,CR2,CRJ2,EGPH,"Winnemucca",AV-0014,,23133.00,16668.00,A
CRJ2,CR2,CRJ2,EGPH,"Nong Muang Khai",AV-0015,,23133.00,16668.00,A
CRJ2,CR2,CRJ2,EGPH,"Crişeni",AV-0016,,23133.00,16668.00,A
B77W,77W,B77W,EGPH,"Lang Suan",AV-0017,,340194.00,195168.00,A
B77W,77W,B77W,EGPH,"Kalkaska",AV-0018,,340194.00,195168.00,A
B77W,77W,B77W,EGPH,"Dimovo",AV-0019,,340194.00,195168.00,A
B77W,77W,B77W,EGPH,"Nordby",AV-0020,,340194.00,195168.00,A
B77W,77W,B77W,EGPH,"Taranto",AV-0021,,340194.00,195168.00,A
B77W,77W,B77W,EGPH,"Baxley",AV-0022,,340194.00,195168.00,A
B77W,77W,B77W,EGPH,"Świnoujście",AV-0023,,340194.00,195168.00,A
B77W,77W,B77W,EGPH,"Nijemci",AV-0024,,340194.00,195168.00,A
A388,388,A388,EGPH,"Zacapú",AV-0025,,560000.00,301163.00,A
A388,388,A388,EGPH,"Meizhou",AV-0026,,560000.00,301163.00,A
A388,388,A388,EGPH,"Middlebourne",AV-0027,,560000.00,301163.00,A
A388,388,A388,EGPH,"Sveti Križ Začretje",AV-0028,,560000.00,301163.00,A
B772,772,B772,EGPH,"Forshaga",AV-0029,,247207.00,153335.00,A
B77W,77W,B77W,EGPH,"Produleşti",AV-0030,,340194.00,195168.00,A
B77W,77W,B77W,EGPH,"McPherson",AV-0031,,340194.00,195168.00,A
B77W,77W,B77W,EGPH,"Remetea Mare",AV-0032,,340194.00,195168.00,A
B77W,77W,B77W,EGPH,"La Chaux-de-Fonds",AV-0033,,340194.00,195168.00,A
B77W,77W,B77W,EGPH,"Platonești",AV-0034,,340194.00,195168.00,A
B77W,77W,B77W,EGPH,"Beba Veche",AV-0035,,340194.00,195168.00,A
B77W,77W,B77W,EGPH,"Dehdādī",AV-0036,,340194.00,195168.00,A
B77W,77W,B77W,EGPH,"Nong Chang",AV-0037,,340194.00,195168.00,A
B77W,77W,B77W,EGPH,"Rū-ye Sang",AV-0038,,340194.00,195168.00,A
B77W,77W,B77W,EGPH,"Luunja",AV-0039,,340194.00,195168.00,A
B77W,77W,B77W,EGPH,"Oswego",AV-0040,,340194.00,195168.00,A
B77W,77W,B77W,EGPH,"Mae Phrik",AV-0041,,340194.00,195168.00,A
B77W,77W,B77W,EGPH,"Makarska",AV-0042,,340194.00,195168.00,A
B77W,77W,B77W,EGPH,"Allison",AV-0043,,340194.00,195168.00,A
A388,388,A388,EGPH,"Cocorăștii Colț",AV-0044,,560000.00,301163.00,A
B77W,77W,B77W,EGPH,"Negreni",AV-0045,,340194.00,195168.00,A
B77W,77W,B77W,EGPH,"Tenabo",AV-0046,,340194.00,195168.00,A
B77W,77W,B77W,EGPH,"Gârnic",AV-0047,,340194.00,195168.00,A
B77W,77W,B77W,EGPH,"Paola",AV-0048,,340194.00,195168.00,A
B77W,77W,B77W,EGPH,"Zabok",AV-0049,,340194.00,195168.00,A
B77W,77W,B77W,EGPH,"Perryville",AV-0050,,340194.00,195168.00,A
B77W,77W,B77W,EGPH,"Petatlán",AV-0051,,340194.00,195168.00,A
B77W,77W,B77W,EGPH,"Coyotepec",AV-0052,,340194.00,195168.00,A
B77W,77W,B77W,EGPH,"Vila Nova de Famalicão",AV-0053,,340194.00,195168.00,A
B77W,77W,B77W,EGPH,"Dupree",AV-0054,,340194.00,195168.00,A
A388,388,A388,EGPH,"Calopăr",AV-0055,,560000.00,301163.00,A
A388,388,A388,EGPH,"Orta",AV-0056,,560000.00,301163.00,A
A332,332,A332,EGPH,"San Pedro Ocopetatillo",AV-0057,,230000.00,118728.00,A
A332,332,A332,EGPH,"Unguraş",AV-0058,,230000.00,118728.00,A
A332,332,A332,EGPH,"Karlskoga",AV-0059,,230000.00,118728.00,A
A332,332,A332,EGPH,"Altar",AV-0060,,230000.00,118728.00,A
A332,332,A332,EGPH,"Remeţi",AV-0061,,230000.00,118728.00,A
A332,332,A332,EGPH,"Burla",AV-0062,,230000.00,118728.00,A
A332,332,A332,EGPH,"Anan",AV-0063,,230000.00,118728.00,A
A332,332,A332,EGPH,"Adâncata",AV-0064,,230000.00,118728.00,A
A332,332,A332,EGPH,"Ballinger",AV-0065,,230000.00,118728.00,A
A332,332,A332,EGPH,"Shaykh Amīr Kêlay",AV-0066,,230000.00,118728.00,A
A332,332,A332,EGPH,"Tha Chang",AV-0067,,230000.00,118728.00,A
A332,332,A332,EGPH,"Goldfield",AV-0068,,230000.00,118728.00,A
A332,332,A332,EGPH,"Yusufeli",AV-0069,,230000.00,118728.00,A
A359,359,A359,EGPH,"Takasago",AV-0070,,268000.00,155364.00,A
A359,359,A359,EGPH,"Uda",AV-0071,,268000.00,155364.00,A
A359,359,A359,EGPH,"Sierre",AV-0072,,268000.00,155364.00,A
A359,359,A359,EGPH,"Tōon",AV-0073,,268000.00,155364.00,A
A359,359,A359,EGPH,"Newport",AV-0074,,268000.00,155364.00,A
A359,359,A359,EGPH,"Cerna",AV-0075,,268000.00,155364.00,A
B788,788,B788,EGPH,"LaBelle",AV-0076,,227930.00,126965.00,A
B788,788,B788,EGPH,"Derebucak",AV-0077,,227930.00,126965.00,A
B788,788,B788,EGPH,"Curtea",AV-0078,,227930.00,126965.00,A
B788,788,B788,EGPH,"Botoşeşti-Paia",AV-0079,,227930.00,126965.00,A
B788,788,B788,EGPH,"Santa María Tepantlali",AV-0080,,227930.00,126965.00,A
B788,788,B788,EGPH,"Shiroi",AV-0081,,227930.00,126965.00,A
B788,788,B788,EGPH,"Ruthin",AV-0082,,227930.00,126965.00,A
B788,788,B788,EGPH,"Chat Trakan",AV-0083,,227930.00,126965.00,A
B788,788,B788,EGPH,"Dragomireşti-Vale",AV-0084,,227930.00,126965.00,A
B788,788,B788,EGPH,"Bazhong",AV-0085,,227930.00,126965.00,A
B772,772,B772,EGPH,"Bucov",AV-0086,,247207.00,153335.00,A
B77L,77L,B77L,EGPH,"Mertzon",AV-0087,,340194.00,195168.00,A
B77W,77W,B77W,EGPH,"Saidu Sharif",AV-0088,,340194.00,195168.00,A
A333,333,A333,EGPH,"Valea Moldovei",AV-0089,,212000.00,100728.00,A
A333,333,A333,EGPH,"Jānī Khēl",AV-0090,,212000.00,100728.00,A
A333,333,A333,EGPH,"Gold Beach",AV-0091,,212000.00,100728.00,A
A333,333,A333,EGPH,"Kanthararom",AV-0092,,212000.00,100728.00,A
A359,359,A359,EGPH,"Ion Roată",AV-0093,,268000.00,155364.00,A
A359,359,A359,EGPH,"Boiu Mare",AV-0094,,268000.00,155364.00,A
A359,359,A359,EGPH,"Sângeorgiu de Pădure",AV-0095,,268000.00,155364.00,A
A359,359,A359,EGPH,"Moroleón",AV-0096,,268000.00,155364.00,A
B763,763,B763,EGPH,"Sacu",AV-0097,,184612.00,134212.00,A
B763,763,B763,EGPH,"Fjerdingby",AV-0098,,184612.00,134212.00,A
B763,763,B763,EGPH,"Lopatinec",AV-0099,,184612.00,134212.00,A
B763,763,B763,EGPH,"Suan Phueng",AV-0100,,184612.00,134212.00,A
A332,332,A332,EGPH,"Loksa",AV-0101,,230000.00,118728.00,A
A321,321,A321,EGPH,"Buşteni",AV-0102,,89000.00,69760.00,A
A333,333,A333,EGPH,"Ibaraki",AV-0103,,212000.00,100728.00,A
A321,321,A321,EGPH,"Shiquanhe",AV-0104,,89000.00,69760.00,A
A321,321,A321,EGPH,"Pāshmūl",AV-0105,,89000.00,69760.00,A
A332,332,A332,EGPH,"Frumosu",AV-0106,,230000.00,118728.00,A
A320,320,A320,EGPH,"Akşehir",AV-0107,,73500.00,54132.00,A
A321,321,A321,EGPH,"Carthage",AV-0108,,89000.00,69760.00,A
A321,321,A321,EGPH,"Grand Island",AV-0109,,89000.00,69760.00,A
A21N,32Q,A21N,EGPH,"Sfântu Gheorghe",AV-0110,,83000.00,0.00,A
A21N,32Q,A21N,EGPH,"Panindícuaro",AV-0111,,83000.00,0.00,A
B763,763,B763,EGPH,"Khlong Hat",AV-0112,,184612.00,134212.00,A
B763,763,B763,EGPH,"Pátzcuaro",AV-0113,,184612.00,134212.00,A
A320,320,A320,EGPH,"Bang Rak",AV-0114,,73500.00,54132.00,A
A320,320,A320,EGPH,"Poteau",AV-0115,,73500.00,54132.00,A
A320,320,A320,EGPH,"Phanom Thuan",AV-0116,,73500.00,54132.00,A
A320,320,A320,EGPH,"Hatteng",AV-0117,,73500.00,54132.00,A
A321,321,A321,EGPH,"Miyakojima",AV-0118,,89000.00,69760.00,A
A321,321,A321,EGPH,"Khamyāb",AV-0119,,89000.00,69760.00,A
A320,320,A320,EGPH,"Ticvaniu Mare",AV-0120,,73500.00,54132.00,A
B763,763,B763,EGPH,"Tuzlukçu",AV-0121,,184612.00,134212.00,A
A319,319,A319,EGPH,"Santa Ana Nopalucan",AV-0122,,64000.00,44632.00,A
A319,319,A319,EGPH,"Jevnaker",AV-0123,,64000.00,44632.00,A
A319,319,A319,EGPH,"Raton",AV-0124,,64000.00,44632.00,A
A319,319,A319,EGPH,"Ojdula",AV-0125,,64000.00,44632.00,A
A319,319,A319,EGPH,"Kurume",AV-0126,,64000.00,44632.00,A
A319,319,A319,EGPH,"Buza",AV-0127,,64000.00,44632.00,A
A320,320,A320,EGPH,"Ţuţora",AV-0128,,73500.00,54132.00,A
B77L,77L,B77L,EGPH,"Morunglav",AV-0129,,340194.00,195168.00,A
A319,319,A319,EGPH,"Rindal",AV-0130,,64000.00,44632.00,A
A320,320,A320,EGPH,"Prakhon Chai",AV-0131,,73500.00,54132.00,A
B738,738,B738,EGPH,"Nicoreşti",AV-0132,,79015.00,58197.00,A
B738,738,B738,EGPH,"Veliki Grđevac",AV-0133,,79015.00,58197.00,A
A320,320,A320,EGPH,"Tab",AV-0134,,73500.00,54132.00,A
DH8D,DH4,DH8D,EGPH,"Altepexi",AV-0135,,30481.00,0.00,A
DH8D,DH4,DH8D,EGPH,"Salisbury",AV-0136,,30481.00,0.00,A
DH8D,DH4,DH8D,EGPH,"Moss",AV-0137,,30481.00,0.00,A
DH8D,DH4,DH8D,EGPH,"Atchison",AV-0138,,30481.00,0.00,A
DH8D,DH4,DH8D,EGPH,"Tarbes",AV-0139,,30481.00,0.00,A
A320,320,A320,EGPH,"Filipeştii de Târg",AV-0140,,73500.00,54132.00,A
E190,E90,E190,EGPH,"Ţaga",AV-0141,,51800.00,0.00,A
CRJ9,CR9,CRJ9,EGPH,"Mio",AV-0142,,36514.00,27626.00,A
A306,AB6,A306,EGPH,"Alucra",AV-0143,,171700.00,0.00,A
A306,AB6,A306,EGPH,"Ereğli",AV-0144,,171700.00,0.00,A
A306,AB6,A306,EGPH,"Barbourville",AV-0145,,171700.00,0.00,A
A306,AB6,A306,EGPH,"Tlaquepaque",AV-0146,,171700.00,0.00,A
A306,AB6,A306,EGPH,"Nyborg",AV-0147,,171700.00,0.00,A
A306,AB6,A306,EGPH,"Millerovo",AV-0148,,171700.00,0.00,A
A306,AB6,A306,EGPH,"Cornereva",AV-0149,,171700.00,0.00,A
A306,AB6,A306,EGPH,"Coyuca de Catalán",AV-0150,,171700.00,0.00,A
A306,AB6,A306,EGPH,"Anáhuac",AV-0151,,171700.00,0.00,A
A306,AB6,A306,EGPH,"Kitanagoya",AV-0152,,171700.00,0.00,A
A306,AB6,A306,EGPH,"Zinacantán",AV-0153,,171700.00,0.00,A
A306,AB6,A306,EGPH,"Scoarţa",AV-0154,,171700.00,0.00,A
A306,AB6,A306,EGPH,"San Juan Juquila Vijanos",AV-0155,,171700.00,0.00,A
A306,AB6,A306,EGPH,"Tidaholm",AV-0156,,171700.00,0.00,A
E190,E90,E190,EGPH,"Waurika",AV-0157,,51800.00,0.00,A
A320,320,A320,EGPH,"Sellingen",AV-0158,,73500.00,54132.00,A
A320,320,A320,EGPH,"Xichú",AV-0159,,73500.00,54132.00,A
A320,320,A320,EGPH,"Thatta",AV-0160,,73500.00,54132.00,A
A319,319,A319,EGPH,"Taebla",AV-0161,,64000.00,44632.00,A
A319,319,A319,EGPH,"Zadvarje",AV-0162,,64000.00,44632.00,A
A319,319,A319,EGPH,"Marmara Ereğlisi",AV-0163,,64000.00,44632.00,A
A319,319,A319,EGPH,"Saint James",AV-0164,,64000.00,44632.00,A
A319,319,A319,EGPH,"Harmancık",AV-0165,,64000.00,44632.00,A
A319,319,A319,EGPH,"Ocala",AV-0166,,64000.00,44632.00,A
A321,321,A321,EGPH,"Biharia",AV-0167,,89000.00,69760.00,A
A321,321,A321,EGPH,"Morelos Cañada",AV-0168,,89000.00,69760.00,A
A321,321,A321,EGPH,"Louisville",AV-0169,,89000.00,69760.00,A
A321,321,A321,EGPH,"Nong Ya Plong",AV-0170,,89000.00,69760.00,A
A321,321,A321,EGPH,"Ciudad Real",AV-0171,,89000.00,69760.00,A
A21N,32Q,A21N,EGPH,"Nong Mamong",AV-0172,,83000.00,0.00,A
A21N,32Q,A21N,EGPH,"Blejeşti",AV-0173,,83000.00,0.00,A
A343,343,A343,EGPH,"Ivankovo",AV-0174,,235500.00,125100.00,A
A319,319,A319,EGPH,"Salinas Victoria",AV-0175,,64000.00,44632.00,A
A319,319,A319,EGPH,"Bang Na",AV-0176,,64000.00,44632.00,A
A319,319,A319,EGPH,"Unterkulm",AV-0177,,64000.00,44632.00,A
A319,319,A319,EGPH,"Alice",AV-0178,,64000.00,44632.00,A
A319,319,A319,EGPH,"Caldwell",AV-0179,,64000.00,44632.00,A
A320,320,A320,EGPH,"Pendleton",AV-0180,,73500.00,54132.00,A
A320,320,A320,EGPH,"Făureşti",AV-0181,,73500.00,54132.00,A
A320,320,A320,EGPH,"Măgura",AV-0182,,73500.00,54132.00,A
A320,320,A320,EGPH,"Piacenza",AV-0183,,73500.00,54132.00,A
A320,320,A320,EGPH,"Vrhovine",AV-0184,,73500.00,54132.00,A
A320,320,A320,EGPH,"Vila do Bispo",AV-0185,,73500.00,54132.00,A
A320,320,A320,EGPH,"Xicoténcatl",AV-0186,,73500.00,54132.00,A
A320,320,A320,EGPH,"Ōmnah",AV-0187,,73500.00,54132.00,A
A320,320,A320,EGPH,"Bunești",AV-0188,,73500.00,54132.00,A
A320,320,A320,EGPH,"Enid",AV-0189,,73500.00,54132.00,A
A320,320,A320,EGPH,"Bismo",AV-0190,,73500.00,54132.00,A
A320,320,A320,EGPH,"Norberg",AV-0191,,73500.00,54132.00,A
A320,320,A320,EGPH,"Ponte da Barca",AV-0192,,73500.00,54132.00,A
A320,320,A320,EGPH,"Klanjec",AV-0193,,73500.00,54132.00,A
A320,320,A320,EGPH,"Bayraklı",AV-0194,,73500.00,54132.00,A
A320,320,A320,EGPH,"Oporelu",AV-0195,,73500.00,54132.00,A
A320,320,A320,EGPH,"Sahiwal",AV-0196,,73500.00,54132.00,A
A320,320,A320,EGPH,"Teúl de González Ortega",AV-0197,,73500.00,54132.00,A
A320,320,A320,EGPH,"İspir",AV-0198,,73500.00,54132.00,A
A320,320,A320,EGPH,"El Guayabito",AV-0199,,73500.00,54132.00,A
A321,321,A321,EGPH,"Urlaţi",AV-0200,,89000.00,69760.00,A
A321,321,A321,EGPH,"Iron Mountain",AV-0201,,89000.00,69760.00,A
A321,321,A321,EGPH,"Sozopol",AV-0202,,89000.00,69760.00,A
A321,321,A321,EGPH,"Märjamaa",AV-0203,,89000.00,69760.00,A
A321,321,A321,EGPH,"DeFuniak Springs",AV-0204,,89000.00,69760.00,A
A321,321,A321,EGPH,"Fârdea",AV-0205,,89000.00,69760.00,A
A321,321,A321,EGPH,"Brebeni",AV-0206,,89000.00,69760.00,A
A321,321,A321,EGPH,"Santa María Yucuhiti",AV-0207,,89000.00,69760.00,A
A321,321,A321,EGPH,"Hoceni",AV-0208,,89000.00,69760.00,A
A321,321,A321,EGPH,"Ernei",AV-0209,,89000.00,69760.00,A
A321,321,A321,EGPH,"San Lucas",AV-0210,,89000.00,69760.00,A
A321,321,A321,EGPH,"Elizabeth",AV-0211,,89000.00,69760.00,A
A321,321,A321,EGPH,"Godech",AV-0212,,89000.00,69760.00,A
A321,321,A321,EGPH,"San Carlos Yautepec",AV-0213,,89000.00,69760.00,A
A321,321,A321,EGPH,"Huixcolotla",AV-0214,,89000.00,69760.00,A
A321,321,A321,EGPH,"Cárdenas",AV-0215,,89000.00,69760.00,A
A321,321,A321,EGPH,"Si Sakhon",AV-0216,,89000.00,69760.00,A
A321,321,A321,EGPH,"Tanba",AV-0217,,89000.00,69760.00,A
A321,321,A321,EGPH,"Săucești",AV-0218,,89000.00,69760.00,A
A321,321,A321,EGPH,"Miki",AV-0219,,89000.00,69760.00,A
A321,321,A321,EGPH,"Starkville",AV-0220,,89000.00,69760.00,A
A321,321,A321,EGPH,"Bannu",AV-0221,,89000.00,69760.00,A
A321,321,A321,EGPH,"Divriği",AV-0222,,89000.00,69760.00,A
A321,321,A321,EGPH,"Degerfors",AV-0223,,89000.00,69760.00,A
A320,320,A320,EGPH,"Mdiq",AV-0224,,73500.00,54132.00,A
A320,320,A320,EGPH,"Mima",AV-0225,,73500.00,54132.00,A
A320,320,A320,EGPH,"Plentywood",AV-0226,,73500.00,54132.00,A
A320,320,A320,EGPH,"Ahuacatlán",AV-0227,,73500.00,54132.00,A
A320,320,A320,EGPH,"San José Estancia Grande",AV-0228,,73500.00,54132.00,A
A320,320,A320,EGPH,"Irvine",AV-0229,,73500.00,54132.00,A
A320,320,A320,EGPH,"Gura Padinii",AV-0230,,73500.00,54132.00,A
A320,320,A320,EGPH,"Mărăcineni",AV-0231,,73500.00,54132.00,A
A320,320,A320,EGPH,"Gallatin",AV-0232,,73500.00,54132.00,A
A320,320,A320,EGPH,"Olteni",AV-0233,,73500.00,54132.00,A
A320,320,A320,EGPH,"Nagir",AV-0234,,73500.00,54132.00,A
A320,320,A320,EGPH,"Wadowice",AV-0235,,73500.00,54132.00,A
A320,320,A320,EGPH,"Kankakee",AV-0236,,73500.00,54132.00,A
A320,320,A320,EGPH,"Alah Sāy",AV-0237,,73500.00,54132.00,A
A320,320,A320,EGPH,"Talladega",AV-0238,,73500.00,54132.00,A
A320,320,A320,EGPH,"Alsunga",AV-0239,,73500.00,54132.00,A
A320,320,A320,EGPH,"Miyazu",AV-0240,,73500.00,54132.00,A
A320,320,A320,EGPH,"Miahuatlán",AV-0241,,73500.00,54132.00,A
A320,320,A320,EGPH,"Carmi",AV-0242,,73500.00,54132.00,A
A320,320,A320,EGPH,"Vale",AV-0243,,73500.00,54132.00,A
A320,320,A320,EGPH,"Frosta",AV-0244,,73500.00,54132.00,A
A320,320,A320,EGPH,"Qarqīn",AV-0245,,73500.00,54132.00,A
A320,320,A320,EGPH,"Hommelvik",AV-0246,,73500.00,54132.00,A
A320,320,A320,EGPH,"Olney",AV-0247,,73500.00,54132.00,A
A320,320,A320,EGPH,"Støren",AV-0248,,73500.00,54132.00,A
A320,320,A320,EGPH,"Zimatlán de Álvarez",AV-0249,,73500.00,54132.00,A
A320,320,A320,EGPH,"Stejaru",AV-0250,,73500.00,54132.00,A
A320,320,A320,EGPH,"Conchos",AV-0251,,73500.00,54132.00,A
A320,320,A320,EGPH,"Gate City",AV-0252,,73500.00,54132.00,A
A320,320,A320,EGPH,"Berzunţi",AV-0253,,73500.00,54132.00,A
A320,320,A320,EGPH,"Skjervøy",AV-0254,,73500.00,54132.00,A
A320,320,A320,EGPH,"Saligny",AV-0255,,73500.00,54132.00,A
A320,320,A320,EGPH,"Winamac",AV-0256,,73500.00,54132.00,A
A320,320,A320,EGPH,"Vlădaia",AV-0257,,73500.00,54132.00,A
A320,320,A320,EGPH,"Keşap",AV-0258,,73500.00,54132.00,A
A320,320,A320,EGPH,"Boişoara",AV-0259,,73500.00,54132.00,A
A320,320,A320,EGPH,"Rădăuți-Prut",AV-0260,,73500.00,54132.00,A
A319,319,A319,EGPH,"Argostólion",AV-0261,,64000.00,44632.00,A
A319,319,A319,EGPH,"Nishinoomote",AV-0262,,64000.00,44632.00,A
B752,752,B752,EGPH,"Matachí",AV-0263,,108862.00,74070.00,A
F100,100,F100,EGPH,"Kilkenny",AV-0264,,43090.00,0.00,A
D328,D38,D328,EGPH,"Brăduţ",AV-0265,,13990.00,0.00,A
AT43,AT4,AT43,EGPH,"Comitán",AV-0266,,16150.00,11650.00,A
B752,752,B752,EGPH,"Macedo de Cavaleiros",AV-0267,,108862.00,74070.00,A
B738,738,B738,EGPH,"Zhangzhou",AV-0268,,79015.00,58197.00,A
A320,320,A320,EGPH,"Horgen",AV-0269,,73500.00,54132.00,A
B738,738,B738,EGPH,"Cayo Mambí",AV-0270,,79015.00,58197.00,A
A320,320,A320,EGPH,"Rasinja",AV-0271,,73500.00,54132.00,A
A320,320,A320,EGPH,"Aralık",AV-0272,,73500.00,54132.00,A
A320,320,A320,EGPH,"Prăjeni",AV-0273,,73500.00,54132.00,A
B733,733,B733,EGPH,"Holstebro",AV-0274,,63276.00,47196.00,A
A319,319,A319,EGPH,"Faribault",AV-0275,,64000.00,44632.00,A
A320,320,A320,EGPH,"Catane",AV-0276,,73500.00,54132.00,A
B463,143,B463,EGPH,"Jonava",AV-0277,,43091.00,33709.00,A
B463,143,B463,EGPH,"Toprakkale",AV-0278,,43091.00,33709.00,A
A320,320,A320,EGPH,"Granite Falls",AV-0279,,73500.00,54132.00,A
CRJX,CRK,CRJX,EGPH,"Secăria",AV-0280,,40823.00,32001.00,A
A319,319,A319,EGPH,"Josenii Bârgăului",AV-0281,,64000.00,44632.00,A
B734,734,B734,EGPH,"Lincolnton",AV-0282,,68038.00,51958.00,A
B738,738,B738,EGPH,"Sasayama",AV-0283,,79015.00,58197.00,A
A320,320,A320,EGPH,"Andria",AV-0284,,73500.00,54132.00,A
A320,320,A320,EGPH,"Rønne",AV-0285,,73500.00,54132.00,A
B738,738,B738,EGPH,"Consolación del Sur",AV-0286,,79015.00,58197.00,A
A320,320,A320,EGPH,"Kaizu",AV-0287,,73500.00,54132.00,A
A320,320,A320,EGPH,"Uddevalla",AV-0288,,73500.00,54132.00,A
A320,320,A320,EGPH,"Fonyód",AV-0289,,73500.00,54132.00,A
A320,320,A320,EGPH,"Wang Nam Yen",AV-0290,,73500.00,54132.00,A
A320,320,A320,EGPH,"Handen",AV-0291,,73500.00,54132.00,A
A320,320,A320,EGPH,"Daia",AV-0292,,73500.00,54132.00,A
A320,320,A320,EGPH,"Minamiawaji",AV-0293,,73500.00,54132.00,A
A320,320,A320,EGPH,"Kitaibaraki",AV-0294,,73500.00,54132.00,A
A320,320,A320,EGPH,"Milcovul",AV-0295,,73500.00,54132.00,A
A320,320,A320,EGPH,"Călineşti",AV-0296,,73500.00,54132.00,A
A320,320,A320,EGPH,"Łańcut",AV-0297,,73500.00,54132.00,A
A320,320,A320,EGPH,"Soteapan",AV-0298,,73500.00,54132.00,A
A320,320,A320,EGPH,"Berlişte",AV-0299,,73500.00,54132.00,A
A320,320,A320,EGPH,"Calimete",AV-0300,,73500.00,54132.00,A
B463,143,B463,EGPH,"Komatsu",AV-0301,,43091.00,33709.00,A
A320,320,A320,EGPH,"Køge",AV-0302,,73500.00,54132.00,A
A320,320,A320,EGPH,"Tours",AV-0303,,73500.00,54132.00,A
A320,320,A320,EGPH,"Nong Bua Rawe",AV-0304,,73500.00,54132.00,A
A320,320,A320,EGPH,"Baška",AV-0305,,73500.00,54132.00,A
B734,734,B734,EGPH,"Leesburg",AV-0306,,68038.00,51958.00,A
B463,143,B463,EGPH,"San Cristóbal Amoltepec",AV-0307,,43091.00,33709.00,A
A320,320,A320,EGPH,"Osmaneli",AV-0308,,73500.00,54132.00,A
A320,320,A320,EGPH,"Guthrie",AV-0309,,73500.00,54132.00,A
CRJ9,CR9,CRJ9,EGPH,"Olinalá",AV-0310,,36514.00,27626.00,A
B738,738,B738,EGPH,"Mönsterås",AV-0311,,79015.00,58197.00,A
A320,320,A320,EGPH,"Kumlu",AV-0312,,73500.00,54132.00,A
A319,319,A319,EGPH,"Târgu Ocna",AV-0313,,64000.00,44632.00,A
CRJ9,CR9,CRJ9,EGPH,"Bicazu Ardelean",AV-0314,,36514.00,27626.00,A
CRJX,CRK,CRJX,EGPH,"Ageoshimo",AV-0315,,40823.00,32001.00,A
A320,320,A320,EGPH,"San Francisco Lachigoló",AV-0316,,73500.00,54132.00,A
A319,319,A319,EGPH,"Ulmi",AV-0317,,64000.00,44632.00,A
B738,738,B738,EGPH,"Kan’onji",AV-0318,,79015.00,58197.00,A
A319,319,A319,EGPH,"Gryllefjord",AV-0319,,64000.00,44632.00,A
A320,320,A320,EGPH,"Guadalupe y Calvo",AV-0320,,73500.00,54132.00,A
A320,320,A320,EGPH,"Tulln",AV-0321,,73500.00,54132.00,A
A320,320,A320,EGPH,"Onawa",AV-0322,,73500.00,54132.00,A
B738,738,B738,EGPH,"Brod",AV-0323,,79015.00,58197.00,A
B752,752,B752,EGPH,"London",AV-0324,,108862.00,74070.00,A
A321,321,A321,EGPH,"Ballycastle",AV-0325,,89000.00,69760.00,A
A321,321,A321,EGPH,"Fort Scott",AV-0326,,89000.00,69760.00,A
A321,321,A321,EGPH,"Yegorlykskaya",AV-0327,,89000.00,69760.00,A
A320,320,A320,EGPH,"Pawnee",AV-0328,,73500.00,54132.00,A
A320,320,A320,EGPH,"Lapseki",AV-0329,,73500.00,54132.00,A
A320,320,A320,EGPH,"Cordele",AV-0330,,73500.00,54132.00,A
A332,332,A332,EGPH,"Beşiri",AV-0331,,230000.00,118728.00,A
B738,738,B738,EGPH,"Paw Paw",AV-0332,,79015.00,58197.00,A
B738,738,B738,EGPH,"Ruscova",AV-0333,,79015.00,58197.00,A
B738,738,B738,EGPH,"Wilson",AV-0334,,79015.00,58197.00,A
B738,738,B738,EGPH,"Săceni",AV-0335,,79015.00,58197.00,A
B738,738,B738,EGPH,"Takizawa",AV-0336,,79015.00,58197.00,A
B738,738,B738,EGPH,"Kahoka",AV-0337,,79015.00,58197.00,A
B738,738,B738,EGPH,"Peceneaga",AV-0338,,79015.00,58197.00,A
B738,738,B738,EGPH,"Saint Peter",AV-0339,,79015.00,58197.00,A
B738,738,B738,EGPH,"Craig",AV-0340,,79015.00,58197.00,A
B738,738,B738,EGPH,"Ciudad Serdán",AV-0341,,79015.00,58197.00,A
B738,738,B738,EGPH,"Tuxpan",AV-0342,,79015.00,58197.00,A
B738,738,B738,EGPH,"Tarcea",AV-0343,,79015.00,58197.00,A
B738,738,B738,EGPH,"Lubin",AV-0344,,79015.00,58197.00,A
B738,738,B738,EGPH,"Clydach Vale",AV-0345,,79015.00,58197.00,A
B738,738,B738,EGPH,"Paintsville",AV-0346,,79015.00,58197.00,A
A320,320,A320,EGPH,"Prigor",AV-0347,,73500.00,54132.00,A
A320,320,A320,EGPH,"Muntenii de Jos",AV-0348,,73500.00,54132.00,A
A320,320,A320,EGPH,"Borovo",AV-0349,,73500.00,54132.00,A
A320,320,A320,EGPH,"Raron",AV-0350,,73500.00,54132.00,A
A320,320,A320,EGPH,"Cherán",AV-0351,,73500.00,54132.00,A
A320,320,A320,EGPH,"Ban Na San",AV-0352,,73500.00,54132.00,A
A320,320,A320,EGPH,"Tapachula",AV-0353,,73500.00,54132.00,A
A320,320,A320,EGPH,"Mueang Suang",AV-0354,,73500.00,54132.00,A
A320,320,A320,EGPH,"Breivikbotn",AV-0355,,73500.00,54132.00,A
A320,320,A320,EGPH,"Foggia",AV-0356,,73500.00,54132.00,A
A320,320,A320,EGPH,"Vătava",AV-0357,,73500.00,54132.00,A
A320,320,A320,EGPH,"Barron",AV-0358,,73500.00,54132.00,A
A320,320,A320,EGPH,"Gârcina",AV-0359,,73500.00,54132.00,A
A320,320,A320,EGPH,"Ludeşti",AV-0360,,73500.00,54132.00,A
A320,320,A320,EGPH,"Dahan-e Jarf",AV-0361,,73500.00,54132.00,A
A320,320,A320,EGPH,"Çiçekdağı",AV-0362,,73500.00,54132.00,A
B738,738,B738,EGPH,"Olivia",AV-0363,,79015.00,58197.00,A
B738,738,B738,EGPH,"Iablaniţa",AV-0364,,79015.00,58197.00,A
B738,738,B738,EGPH,"Apazapan",AV-0365,,79015.00,58197.00,A
B738,738,B738,EGPH,"Quivicán",AV-0366,,79015.00,58197.00,A
B738,738,B738,EGPH,"Radovan",AV-0367,,79015.00,58197.00,A
B738,738,B738,EGPH,"Honesdale",AV-0368,,79015.00,58197.00,A
B738,738,B738,EGPH,"San Rafael",AV-0369,,79015.00,58197.00,A
B738,738,B738,EGPH,"Lafayette",AV-0370,,79015.00,58197.00,A
B738,738,B738,EGPH,"Sarıkaya",AV-0371,,79015.00,58197.00,A
B738,738,B738,EGPH,"The Bronx",AV-0372,,79015.00,58197.00,A
B738,738,B738,EGPH,"Çameli",AV-0373,,79015.00,58197.00,A
B738,738,B738,EGPH,"Movileni",AV-0374,,79015.00,58197.00,A
B738,738,B738,EGPH,"Guntersville",AV-0375,,79015.00,58197.00,A
B738,738,B738,EGPH,"Stăniţa",AV-0376,,79015.00,58197.00,A
B738,738,B738,EGPH,"Hiawassee",AV-0377,,79015.00,58197.00,A
B738,738,B738,EGPH,"Krokstadøra",AV-0378,,79015.00,58197.00,A
B738,738,B738,EGPH,"Gryfice",AV-0379,,79015.00,58197.00,A
B738,738,B738,EGPH,"Sankt Veit an der Glan",AV-0380,,79015.00,58197.00,A
B738,738,B738,EGPH,"Gorbăneşti",AV-0381,,79015.00,58197.00,A
B738,738,B738,EGPH,"Santa María del Rosario",AV-0382,,79015.00,58197.00,A
B738,738,B738,EGPH,"Kaštelir",AV-0383,,79015.00,58197.00,A
B738,738,B738,EGPH,"Vändra",AV-0384,,79015.00,58197.00,A
B738,738,B738,EGPH,"Santa María Xadani",AV-0385,,79015.00,58197.00,A
B738,738,B738,EGPH,"Eldivan",AV-0386,,79015.00,58197.00,A
B738,738,B738,EGPH,"Luna",AV-0387,,79015.00,58197.00,A
B738,738,B738,EGPH,"Epureni",AV-0388,,79015.00,58197.00,A
B738,738,B738,EGPH,"Vimmerby",AV-0389,,79015.00,58197.00,A
B738,738,B738,EGPH,"Hamura",AV-0390,,79015.00,58197.00,A
B738,738,B738,EGPH,"Zăpodeni",AV-0391,,79015.00,58197.00,A
B738,738,B738,EGPH,"Valea Salciei",AV-0392,,79015.00,58197.00,A
B738,738,B738,EGPH,"Prestestranda",AV-0393,,79015.00,58197.00,A
A332,332,A332,EGPH,"Port Allen",AV-0394,,230000.00,118728.00,A
A333,333,A333,EGPH,"Ed",AV-0395,,212000.00,100728.00,A
A320,320,A320,EGPH,"Curtea de Argeş",AV-0396,,73500.00,54132.00,A
A320,320,A320,EGPH,"Phakdi Chumphon",AV-0397,,73500.00,54132.00,A
A320,320,A320,EGPH,"Gherla",AV-0398,,73500.00,54132.00,A
A320,320,A320,EGPH,"Carmel",AV-0399,,73500.00,54132.00,A
A320,320,A320,EGPH,"Pehlivanköy",AV-0400,,73500.00,54132.00,A
A320,320,A320,EGPH,"Auburn",AV-0401,,73500.00,54132.00,A
A320,320,A320,EGPH,"Hailey",AV-0402,,73500.00,54132.00,A
A320,320,A320,EGPH,"Grafton",AV-0403,,73500.00,54132.00,A
A320,320,A320,EGPH,"Elgin",AV-0404,,73500.00,54132.00,A
B738,738,B738,EGPH,"Archer City",AV-0405,,79015.00,58197.00,A
B738,738,B738,EGPH,"Cathlamet",AV-0406,,79015.00,58197.00,A
B738,738,B738,EGPH,"Tecuci",AV-0407,,79015.00,58197.00,A
B738,738,B738,EGPH,"Prejmer",AV-0408,,79015.00,58197.00,A
B738,738,B738,EGPH,"Thep Sathit",AV-0409,,79015.00,58197.00,A
B738,738,B738,EGPH,"Dobârlău",AV-0410,,79015.00,58197.00,A
B738,738,B738,EGPH,"Suluova",AV-0411,,79015.00,58197.00,A
B738,738,B738,EGPH,"Becicherecu Mic",AV-0412,,79015.00,58197.00,A
B738,738,B738,EGPH,"Gümüşova",AV-0413,,79015.00,58197.00,A
B738,738,B738,EGPH,"Defiance",AV-0414,,79015.00,58197.00,A
B738,738,B738,EGPH,"Chaltyr",AV-0415,,79015.00,58197.00,A
B738,738,B738,EGPH,"Petrinja",AV-0416,,79015.00,58197.00,A
B738,738,B738,EGPH,"Hasankeyf",AV-0417,,79015.00,58197.00,A
B738,738,B738,EGPH,"Ružomberok",AV-0418,,79015.00,58197.00,A
B738,738,B738,EGPH,"Ðelekovec",AV-0419,,79015.00,58197.00,A
B738,738,B738,EGPH,"Hawthorne",AV-0420,,79015.00,58197.00,A
B738,738,B738,EGPH,"Asaka",AV-0421,,79015.00,58197.00,A
B738,738,B738,EGPH,"Nin",AV-0422,,79015.00,58197.00,A
B738,738,B738,EGPH,"Vinhais",AV-0423,,79015.00,58197.00,A
B738,738,B738,EGPH,"Rusk",AV-0424,,79015.00,58197.00,A
B738,738,B738,EGPH,"Carlsbad",AV-0425,,79015.00,58197.00,A
B738,738,B738,EGPH,"Waco",AV-0426,,79015.00,58197.00,A
B738,738,B738,EGPH,"Timargara",AV-0427,,79015.00,58197.00,A
B738,738,B738,EGPH,"Eftimie Murgu",AV-0428,,79015.00,58197.00,A
B738,738,B738,EGPH,"Yabu",AV-0429,,79015.00,58197.00,A
B738,738,B738,EGPH,"San Damián Texoloc",AV-0430,,79015.00,58197.00,A
B738,738,B738,EGPH,"Skálavík",AV-0431,,79015.00,58197.00,A
B738,738,B738,EGPH,"Jamiltepec",AV-0432,,79015.00,58197.00,A
B738,738,B738,EGPH,"Lovas",AV-0433,,79015.00,58197.00,A
A333,333,A333,EGPH,"Julesburg",AV-0434,,212000.00,100728.00,A
B738,738,B738,EGPH,"Sissach",AV-0435,,79015.00,58197.00,A
B738,738,B738,EGPH,"Mereni",AV-0436,,79015.00,58197.00,A
B738,738,B738,EGPH,"Păulești",AV-0437,,79015.00,58197.00,A
B738,738,B738,EGPH,"Dobrun",AV-0438,,79015.00,58197.00,A
B738,738,B738,EGPH,"Le Mars",AV-0439,,79015.00,58197.00,A
B738,738,B738,EGPH,"Forrest City",AV-0440,,79015.00,58197.00,A
B738,738,B738,EGPH,"Granvin",AV-0441,,79015.00,58197.00,A
B738,738,B738,EGPH,"Vulcana-Pandele",AV-0442,,79015.00,58197.00,A
B738,738,B738,EGPH,"Namsos",AV-0443,,79015.00,58197.00,A
B738,738,B738,EGPH,"Leleşti",AV-0444,,79015.00,58197.00,A
B738,738,B738,EGPH,"Zīārat-e Shāh Maqşūd",AV-0445,,79015.00,58197.00,A
A320,320,A320,EGPH,"Colibaşi",AV-0446,,73500.00,54132.00,A
A320,320,A320,EGPH,"Pârscov",AV-0447,,73500.00,54132.00,A
A333,333,A333,EGPH,"Buddinge",AV-0448,,212000.00,100728.00,A
B738,738,B738,EGPH,"Rawlins",AV-0449,,79015.00,58197.00,A
B738,738,B738,EGPH,"Long Prairie",AV-0450,,79015.00,58197.00,A
B738,738,B738,EGPH,"Mazgirt",AV-0451,,79015.00,58197.00,A
B738,738,B738,EGPH,"Mold",AV-0452,,79015.00,58197.00,A
B738,738,B738,EGPH,"Bretea Română",AV-0453,,79015.00,58197.00,A
B738,738,B738,EGPH,"Amaru",AV-0454,,79015.00,58197.00,A
B738,738,B738,EGPH,"Akseki",AV-0455,,79015.00,58197.00,A
B738,738,B738,EGPH,"Wailuku",AV-0456,,79015.00,58197.00,A
B738,738,B738,EGPH,"Livezile",AV-0457,,79015.00,58197.00,A
B738,738,B738,EGPH,"Motomiya",AV-0458,,79015.00,58197.00,A
B738,738,B738,EGPH,"Cârlogani",AV-0459,,79015.00,58197.00,A
B738,738,B738,EGPH,"Na Yia",AV-0460,,79015.00,58197.00,A
B738,738,B738,EGPH,"Teocelo",AV-0461,,79015.00,58197.00,A
B738,738,B738,EGPH,"Hinterrhein",AV-0462,,79015.00,58197.00,A
B738,738,B738,EGPH,"Junction",AV-0463,,79015.00,58197.00,A
B738,738,B738,EGPH,"Rochester",AV-0464,,79015.00,58197.00,A
B738,738,B738,EGPH,"Socond",AV-0465,,79015.00,58197.00,A
B738,738,B738,EGPH,"San Francisco Jaltepetongo",AV-0466,,79015.00,58197.00,A
B738,738,B738,EGPH,"Broken Bow",AV-0467,,79015.00,58197.00,A
B738,738,B738,EGPH,"Petrăchioaia",AV-0468,,79015.00,58197.00,A
B738,738,B738,EGPH,"Monthey",AV-0469,,79015.00,58197.00,A
B738,738,B738,EGPH,"Boghiș",AV-0470,,79015.00,58197.00,A
B738,738,B738,EGPH,"Elizabethton",AV-0471,,79015.00,58197.00,A
B738,738,B738,EGPH,"Evergreen",AV-0472,,79015.00,58197.00,A
A333,333,A333,EGPH,"Costeştii din Vale",AV-0473,,212000.00,100728.00,A
B738,738,B738,EGPH,"Wewoka",AV-0474,,79015.00,58197.00,A
B738,738,B738,EGPH,"Taşkent",AV-0475,,79015.00,58197.00,A
B738,738,B738,EGPH,"Strizivojna",AV-0476,,79015.00,58197.00,A
B738,738,B738,EGPH,"Dawson",AV-0477,,79015.00,58197.00,A
B738,738,B738,EGPH,"Lamadrid",AV-0478,,79015.00,58197.00,A
B738,738,B738,EGPH,"Tepanco",AV-0479,,79015.00,58197.00,A
B738,738,B738,EGPH,"Zmijavci",AV-0480,,79015.00,58197.00,A
B738,738,B738,EGPH,"Sathing Phra",AV-0481,,79015.00,58197.00,A
B738,738,B738,EGPH,"Dazkırı",AV-0482,,79015.00,58197.00,A
B738,738,B738,EGPH,"Sangīn",AV-0483,,79015.00,58197.00,A
B738,738,B738,EGPH,"Liuzhou",AV-0484,,79015.00,58197.00,A
B738,738,B738,EGPH,"Bombarral",AV-0485,,79015.00,58197.00,A
B738,738,B738,EGPH,"Hillsdale",AV-0486,,79015.00,58197.00,A
B738,738,B738,EGPH,"Ayotlán",AV-0487,,79015.00,58197.00,A
B738,738,B738,EGPH,"Morozovsk",AV-0488,,79015.00,58197.00,A
B738,738,B738,EGPH,"Hacıbektaş",AV-0489,,79015.00,58197.00,A
B738,738,B738,EGPH,"Çubuk",AV-0490,,79015.00,58197.00,A
B738,738,B738,EGPH,"Ritzville",AV-0491,,79015.00,58197.00,A
B738,738,B738,EGPH,"Hatvan",AV-0492,,79015.00,58197.00,A
B738,738,B738,EGPH,"Zăbrani",AV-0493,,79015.00,58197.00,A
B738,738,B738,EGPH,"U Thong",AV-0494,,79015.00,58197.00,A
B738,738,B738,EGPH,"Văcăreni",AV-0495,,79015.00,58197.00,A
B738,738,B738,EGPH,"Brodina",AV-0496,,79015.00,58197.00,A
B738,738,B738,EGPH,"Jalcomulco",AV-0497,,79015.00,58197.00,A
B738,738,B738,EGPH,"Mezőkövesd",AV-0498,,79015.00,58197.00,A
B738,738,B738,EGPH,"Weatherford",AV-0499,,79015.00,58197.00,A
B738,738,B738,EGPH,"Rattaphum",AV-0500,,79015.00,58197.00,A
B738,738,B738,EGPH,"Condon",AV-0501,,79015.00,58197.00,A
B738,738,B738,EGPH,"Seminole",AV-0502,,79015.00,58197.00,A
B738,738,B738,EGPH,"Udbina",AV-0503,,79015.00,58197.00,A
B738,738,B738,EGPH,"Pribislavec",AV-0504,,79015.00,58197.00,A
B738,738,B738,EGPH,"Thibodaux",AV-0505,,79015.00,58197.00,A
B738,738,B738,EGPH,"Tâmboeşti",AV-0506,,79015.00,58197.00,A
B738,738,B738,EGPH,"Licurici",AV-0507,,79015.00,58197.00,A
B738,738,B738,EGPH,"Hanyū",AV-0508,,79015.00,58197.00,A
B738,738,B738,EGPH,"Einsiedeln",AV-0509,,79015.00,58197.00,A
B738,738,B738,EGPH,"Pioche",AV-0510,,79015.00,58197.00,A
B738,738,B738,EGPH,"Atlangatepec",AV-0511,,79015.00,58197.00,A
B738,738,B738,EGPH,"Pui",AV-0512,,79015.00,58197.00,A
B738,738,B738,EGPH,"Taşca",AV-0513,,79015.00,58197.00,A
B738,738,B738,EGPH,"Fundu Moldovei",AV-0514,,79015.00,58197.00,A
B738,738,B738,EGPH,"Lat Lum Kaeo",AV-0515,,79015.00,58197.00,A
B738,738,B738,EGPH,"Răsuceni",AV-0516,,79015.00,58197.00,A
B738,738,B738,EGPH,"Palestine",AV-0517,,79015.00,58197.00,A
B738,738,B738,EGPH,"Valea Chioarului",AV-0518,,79015.00,58197.00,A
B738,738,B738,EGPH,"Siminicea",AV-0519,,79015.00,58197.00,A
B738,738,B738,EGPH,"Voiceşti",AV-0520,,79015.00,58197.00,A
B738,738,B738,EGPH,"Philip",AV-0521,,79015.00,58197.00,A
B738,738,B738,EGPH,"Northampton",AV-0522,,79015.00,58197.00,A
A332,332,A332,EGPH,"Meade",AV-0523,,230000.00,118728.00,A
B738,738,B738,EGPH,"Shaoguan",AV-0524,,79015.00,58197.00,A
B738,738,B738,EGPH,"Komárom",AV-0525,,79015.00,58197.00,A
B738,738,B738,EGPH,"Cerchezu",AV-0526,,79015.00,58197.00,A
B738,738,B738,EGPH,"San Juan Achiutla",AV-0527,,79015.00,58197.00,A
B738,738,B738,EGPH,"Ardeşen",AV-0528,,79015.00,58197.00,A
B733,733,B733,EGPH,"Juan Aldama",AV-0529,,63276.00,47196.00,A
B738,738,B738,EGPH,"San Juan Yaee",AV-0530,,79015.00,58197.00,A
B738,738,B738,EGPH,"Mamak",AV-0531,,79015.00,58197.00,A
B738,738,B738,EGPH,"Tlacolulan",AV-0532,,79015.00,58197.00,A
B738,738,B738,EGPH,"Arriaga",AV-0533,,79015.00,58197.00,A
B738,738,B738,EGPH,"Bagayevskaya",AV-0534,,79015.00,58197.00,A
B738,738,B738,EGPH,"Si Samrong",AV-0535,,79015.00,58197.00,A
B738,738,B738,EGPH,"La-ngu",AV-0536,,79015.00,58197.00,A
B738,738,B738,EGPH,"Bijeljina",AV-0537,,79015.00,58197.00,A
B738,738,B738,EGPH,"Eatonton",AV-0538,,79015.00,58197.00,A
B738,738,B738,EGPH,"Carrazeda de Anciães",AV-0539,,79015.00,58197.00,A
B738,738,B738,EGPH,"Mireşu Mare",AV-0540,,79015.00,58197.00,A
B738,738,B738,EGPH,"Khākirān",AV-0541,,79015.00,58197.00,A
B738,738,B738,EGPH,"Cuapiaxtla de Madero",AV-0542,,79015.00,58197.00,A
B738,738,B738,EGPH,"San Buenaventura",AV-0543,,79015.00,58197.00,A
B738,738,B738,EGPH,"Tranås",AV-0544,,79015.00,58197.00,A
B738,738,B738,EGPH,"Fao Rai",AV-0545,,79015.00,58197.00,A
B738,738,B738,EGPH,"Şoarş",AV-0546,,79015.00,58197.00,A
B738,738,B738,EGPH,"Târgu Lăpuş",AV-0547,,79015.00,58197.00,A
B738,738,B738,EGPH,"Aiud",AV-0548,,79015.00,58197.00,A
B738,738,B738,EGPH,"Ishinomaki",AV-0549,,79015.00,58197.00,A
B738,738,B738,EGPH,"Fort Lauderdale",AV-0550,,79015.00,58197.00,A
B738,738,B738,EGPH,"Kingfisher",AV-0551,,79015.00,58197.00,A
B738,738,B738,EGPH,"Xiangyang",AV-0552,,79015.00,58197.00,A
B738,738,B738,EGPH,"Trofors",AV-0553,,79015.00,58197.00,A
B738,738,B738,EGPH,"Nong Sung",AV-0554,,79015.00,58197.00,A
B738,738,B738,EGPH,"Bivolari",AV-0555,,79015.00,58197.00,A
B738,738,B738,EGPH,"Plopiş",AV-0556,,79015.00,58197.00,A
B738,738,B738,EGPH,"Balta",AV-0557,,79015.00,58197.00,A
B738,738,B738,EGPH,"Zărnești",AV-0558,,79015.00,58197.00,A
B738,738,B738,EGPH,"Port Gibson",AV-0559,,79015.00,58197.00,A
B738,738,B738,EGPH,"Avellino",AV-0560,,79015.00,58197.00,A
B738,738,B738,EGPH,"Fitzgerald",AV-0561,,79015.00,58197.00,A
B738,738,B738,EGPH,"Batalha",AV-0562,,79015.00,58197.00,A
B738,738,B738,EGPH,"Nuci",AV-0563,,79015.00,58197.00,A
B738,738,B738,EGPH,"Yokkaichi",AV-0564,,79015.00,58197.00,A
B738,738,B738,EGPH,"Tuscola",AV-0565,,79015.00,58197.00,A
B738,738,B738,EGPH,"Stănişeşti",AV-0566,,79015.00,58197.00,A
B738,738,B738,EGPH,"Căbeşti",AV-0567,,79015.00,58197.00,A
B738,738,B738,EGPH,"Constância",AV-0568,,79015.00,58197.00,A
B738,738,B738,EGPH,"Jiaxing",AV-0569,,79015.00,58197.00,A
B738,738,B738,EGPH,"Bălăciţa",AV-0570,,79015.00,58197.00,A
B738,738,B738,EGPH,"Susono",AV-0571,,79015.00,58197.00,A
B738,738,B738,EGPH,"Montezuma",AV-0572,,79015.00,58197.00,A
B738,738,B738,EGPH,"Ghimpați",AV-0573,,79015.00,58197.00,A
B738,738,B738,EGPH,"Sânpetru Mare",AV-0574,,79015.00,58197.00,A
B738,738,B738,EGPH,"Roznov",AV-0575,,79015.00,58197.00,A
B738,738,B738,EGPH,"Dan Sai",AV-0576,,79015.00,58197.00,A
B738,738,B738,EGPH,"Lisbon",AV-0577,,79015.00,58197.00,A
B738,738,B738,EGPH,"Britton",AV-0578,,79015.00,58197.00,A
B738,738,B738,EGPH,"Mogoș",AV-0579,,79015.00,58197.00,A
B738,738,B738,EGPH,"Ures",AV-0580,,79015.00,58197.00,A
B738,738,B738,EGPH,"Teuchitlán",AV-0581,,79015.00,58197.00,A
A333,333,A333,EGPH,"Wuhai",AV-0582,,212000.00,100728.00,A
A333,333,A333,EGPH,"Borkenes",AV-0583,,212000.00,100728.00,A
A320,320,A320,EGPH,"San Juan Xiutetelco",AV-0584,,73500.00,54132.00,A
B738,738,B738,EGPH,"Elvas",AV-0585,,79015.00,58197.00,A
B738,738,B738,EGPH,"Pittsfield",AV-0586,,79015.00,58197.00,A
B738,738,B738,EGPH,"Le Mans",AV-0587,,79015.00,58197.00,A
B738,738,B738,EGPH,"Benton",AV-0588,,79015.00,58197.00,A
B738,738,B738,EGPH,"Ţigăneşti",AV-0589,,79015.00,58197.00,A
B738,738,B738,EGPH,"Darova",AV-0590,,79015.00,58197.00,A
B738,738,B738,EGPH,"Podbablje",AV-0591,,79015.00,58197.00,A
B738,738,B738,EGPH,"Todireşti",AV-0592,,79015.00,58197.00,A
B738,738,B738,EGPH,"Atlanta",AV-0593,,79015.00,58197.00,A
B738,738,B738,EGPH,"Santo Domingo Roayaga",AV-0594,,79015.00,58197.00,A
B738,738,B738,EGPH,"Lund",AV-0595,,79015.00,58197.00,A
CRJ9,CR9,CRJ9,EGPH,"Xicotlán",AV-0596,,36514.00,27626.00,A
CRJ9,CR9,CRJ9,EGPH,"Kristinehamn",AV-0597,,36514.00,27626.00,A
CRJ9,CR9,CRJ9,EGPH,"Chibed",AV-0598,,36514.00,27626.00,A
CRJ9,CR9,CRJ9,EGPH,"Amzacea",AV-0599,,36514.00,27626.00,A
CRJ9,CR9,CRJ9,EGPH,"Uthumphon Phisai",AV-0600,,36514.00,27626.00,A
CRJ9,CR9,CRJ9,EGPH,"Prince George",AV-0601,,36514.00,27626.00,A
CRJ9,CR9,CRJ9,EGPH,"Toride",AV-0602,,36514.00,27626.00,A
CRJ9,CR9,CRJ9,EGPH,"Det Udom",AV-0603,,36514.00,27626.00,A
CRJ9,CR9,CRJ9,EGPH,"Tha Sae",AV-0604,,36514.00,27626.00,A
CRJ9,CR9,CRJ9,EGPH,"Wiggins",AV-0605,,36514.00,27626.00,A
CRJ9,CR9,CRJ9,EGPH,"Vevelstad",AV-0606,,36514.00,27626.00,A
CRJ9,CR9,CRJ9,EGPH,"San José Chiapa",AV-0607,,36514.00,27626.00,A
CRJ9,CR9,CRJ9,EGPH,"Meládeia",AV-0608,,36514.00,27626.00,A
CRJ9,CR9,CRJ9,EGPH,"Zhangye",AV-0609,,36514.00,27626.00,A
CRJ9,CR9,CRJ9,EGPH,"Rødovre",AV-0610,,36514.00,27626.00,A
CRJ9,CR9,CRJ9,EGPH,"Žumberak",AV-0611,,36514.00,27626.00,A
CRJ9,CR9,CRJ9,EGPH,"Mânăstirea",AV-0612,,36514.00,27626.00,A
CRJ9,CR9,CRJ9,EGPH,"Kirkja",AV-0613,,36514.00,27626.00,A
CRJ9,CR9,CRJ9,EGPH,"Pa Kham",AV-0614,,36514.00,27626.00,A
CRJ9,CR9,CRJ9,EGPH,"Monroe",AV-0615,,36514.00,27626.00,A
B738,738,B738,EGPH,"Villa Vicente Guerrero",AV-0616,,79015.00,58197.00,A
B738,738,B738,EGPH,"Berislăveşti",AV-0617,,79015.00,58197.00,A
B738,738,B738,EGPH,"Black River Falls",AV-0618,,79015.00,58197.00,A
B738,738,B738,EGPH,"Panguitch",AV-0619,,79015.00,58197.00,A
B738,738,B738,EGPH,"Mihăeşti",AV-0620,,79015.00,58197.00,A
B738,738,B738,EGPH,"Thermopolis",AV-0621,,79015.00,58197.00,A
B738,738,B738,EGPH,"Kävlinge",AV-0622,,79015.00,58197.00,A
B738,738,B738,EGPH,"Valea Lungă Alba Romania",AV-0623,,79015.00,58197.00,A
B738,738,B738,EGPH,"Marengo",AV-0624,,79015.00,58197.00,A
B738,738,B738,EGPH,"Tyrnyauz",AV-0625,,79015.00,58197.00,A
B738,738,B738,EGPH,"El Pueblito",AV-0626,,79015.00,58197.00,A
B738,738,B738,EGPH,"Ronneby",AV-0627,,79015.00,58197.00,A
B738,738,B738,EGPH,"Skotterud",AV-0628,,79015.00,58197.00,A
B738,738,B738,EGPH,"Jovellanos",AV-0629,,79015.00,58197.00,A
B738,738,B738,EGPH,"Matsudo",AV-0630,,79015.00,58197.00,A
B738,738,B738,EGPH,"Tomelilla",AV-0631,,79015.00,58197.00,A
B738,738,B738,EGPH,"Ise",AV-0632,,79015.00,58197.00,A
B738,738,B738,EGPH,"Santiago Nejapilla",AV-0633,,79015.00,58197.00,A
B738,738,B738,EGPH,"Han",AV-0634,,79015.00,58197.00,A
B738,738,B738,EGPH,"Horodnic de Jos",AV-0635,,79015.00,58197.00,A
B738,738,B738,EGPH,"Azdavay",AV-0636,,79015.00,58197.00,A
B738,738,B738,EGPH,"Leonardtown",AV-0637,,79015.00,58197.00,A
B738,738,B738,EGPH,"Chernyakhovsk",AV-0638,,79015.00,58197.00,A
B738,738,B738,EGPH,"Tønder",AV-0639,,79015.00,58197.00,A
B738,738,B738,EGPH,"Satsumasendai",AV-0640,,79015.00,58197.00,A
B738,738,B738,EGPH,"Yanai",AV-0641,,79015.00,58197.00,A
B738,738,B738,EGPH,"Șanț",AV-0642,,79015.00,58197.00,A
B738,738,B738,EGPH,"Bad Zurzach",AV-0643,,79015.00,58197.00,A
B738,738,B738,EGPH,"Oda",AV-0644,,79015.00,58197.00,A
B738,738,B738,EGPH,"Babadağ",AV-0645,,79015.00,58197.00,A
B738,738,B738,EGPH,"Pueblo Nuevo",AV-0646,,79015.00,58197.00,A
B738,738,B738,EGPH,"Cherokee",AV-0647,,79015.00,58197.00,A
B738,738,B738,EGPH,"Gâlgău",AV-0648,,79015.00,58197.00,A
B738,738,B738,EGPH,"Saito",AV-0649,,79015.00,58197.00,A
B738,738,B738,EGPH,"Namerikawa",AV-0650,,79015.00,58197.00,A
B738,738,B738,EGPH,"Stróvolos",AV-0651,,79015.00,58197.00,A
B738,738,B738,EGPH,"Kitakami",AV-0652,,79015.00,58197.00,A
B738,738,B738,EGPH,"Bârsa",AV-0653,,79015.00,58197.00,A
E170,E70,E170,EGPH,"International Falls",AV-0654,,38600.00,0.00,A
E170,E70,E170,EGPH,"Dulceşti",AV-0655,,38600.00,0.00,A
E145,ER4,E145,EGPH,"Miercurea Nirajului",AV-0656,,0.00,0.00,A
AT43,AT4,AT43,EGPH,"Kohila",AV-0657,,16150.00,11650.00,A
AT43,AT4,AT43,EGPH,"Ban Phaeo",AV-0658,,16150.00,11650.00,A
AT43,AT4,AT43,EGPH,"Big Lake",AV-0659,,16150.00,11650.00,A
B738,738,B738,EGPH,"Ţibăneşti",AV-0660,,79015.00,58197.00,A
B738,738,B738,EGPH,"Kazuno",AV-0661,,79015.00,58197.00,A
B738,738,B738,EGPH,"Eivindvik",AV-0662,,79015.00,58197.00,A
B738,738,B738,EGPH,"Bucovăţ",AV-0663,,79015.00,58197.00,A
B738,738,B738,EGPH,"Škabrnje",AV-0664,,79015.00,58197.00,A
B738,738,B738,EGPH,"Altınordu",AV-0665,,79015.00,58197.00,A
B738,738,B738,EGPH,"Monor",AV-0666,,79015.00,58197.00,A
B738,738,B738,EGPH,"Kumrovec",AV-0667,,79015.00,58197.00,A
B738,738,B738,EGPH,"Mecayapan",AV-0668,,79015.00,58197.00,A
B738,738,B738,EGPH,"Askim",AV-0669,,79015.00,58197.00,A
B738,738,B738,EGPH,"Inabe",AV-0670,,79015.00,58197.00,A
B738,738,B738,EGPH,"Villa Pesqueira",AV-0671,,79015.00,58197.00,A
B738,738,B738,EGPH,"Bratunac",AV-0672,,79015.00,58197.00,A
B738,738,B738,EGPH,"Bytča",AV-0673,,79015.00,58197.00,A
B738,738,B738,EGPH,"Great Bend",AV-0674,,79015.00,58197.00,A
B738,738,B738,EGPH,"Malone",AV-0675,,79015.00,58197.00,A
B738,738,B738,EGPH,"Măgurele",AV-0676,,79015.00,58197.00,A
B738,738,B738,EGPH,"Reviga",AV-0677,,79015.00,58197.00,A
B738,738,B738,EGPH,"Ünye",AV-0678,,79015.00,58197.00,A
B738,738,B738,EGPH,"La Manzanilla de la Paz",AV-0679,,79015.00,58197.00,A
B738,738,B738,EGPH,"Coroisânmartin",AV-0680,,79015.00,58197.00,A
B738,738,B738,EGPH,"Ezine",AV-0681,,79015.00,58197.00,A
B738,738,B738,EGPH,"Ștei",AV-0682,,79015.00,58197.00,A
A333,333,A333,EGPH,"Velika Ludina",AV-0683,,212000.00,100728.00,A
A320,320,A320,EGPH,"San Andrés Yaá",AV-0684,,73500.00,54132.00,A
B738,738,B738,EGPH,"Center",AV-0685,,79015.00,58197.00,A
B738,738,B738,EGPH,"Agapia",AV-0686,,79015.00,58197.00,A
B738,738,B738,EGPH,"Acanceh",AV-0687,,79015.00,58197.00,A
A333,333,A333,EGPH,"Ojuelos de Jalisco",AV-0688,,212000.00,100728.00,A
B738,738,B738,EGPH,"Dighton",AV-0689,,79015.00,58197.00,A
B738,738,B738,EGPH,"Palma Soriano",AV-0690,,79015.00,58197.00,A
B738,738,B738,EGPH,"Omitama",AV-0691,,79015.00,58197.00,A
B738,738,B738,EGPH,"Buffalo",AV-0692,,79015.00,58197.00,A
B738,738,B738,EGPH,"Tazlău",AV-0693,,79015.00,58197.00,A
B738,738,B738,EGPH,"Abana",AV-0694,,79015.00,58197.00,A
B738,738,B738,EGPH,"Bāzār-e Tashkān",AV-0695,,79015.00,58197.00,A
B738,738,B738,EGPH,"Capu Câmpului",AV-0696,,79015.00,58197.00,A
B738,738,B738,EGPH,"Santa Rita Tlahuapan",AV-0697,,79015.00,58197.00,A
B738,738,B738,EGPH,"Hamnvik",AV-0698,,79015.00,58197.00,A
B738,738,B738,EGPH,"Colorado Springs",AV-0699,,79015.00,58197.00,A
B738,738,B738,EGPH,"Scutelnici",AV-0700,,79015.00,58197.00,A
B738,738,B738,EGPH,"Pastor Ortíz",AV-0701,,79015.00,58197.00,A
A332,332,A332,EGPH,"Himi",AV-0702,,230000.00,118728.00,A
E190,E90,E190,EGPH,"Şarkîkaraağaç",AV-0703,,51800.00,0.00,A
E195,E95,E195,EGPH,"Ghiroda",AV-0704,,52290.00,0.00,A
E190,E90,E190,EGPH,"Sierpc",AV-0705,,51800.00,0.00,A
B738,738,B738,EGPH,"McAlester",AV-0706,,79015.00,58197.00,A
B738,738,B738,EGPH,"Perişoru",AV-0707,,79015.00,58197.00,A
B738,738,B738,EGPH,"Andrieşeni",AV-0708,,79015.00,58197.00,A
B738,738,B738,EGPH,"Miyoshi",AV-0709,,79015.00,58197.00,A
B738,738,B738,EGPH,"İlkadım",AV-0710,,79015.00,58197.00,A
B738,738,B738,EGPH,"Livezi",AV-0711,,79015.00,58197.00,A
B738,738,B738,EGPH,"Otočac",AV-0712,,79015.00,58197.00,A
B738,738,B738,EGPH,"Évreux",AV-0713,,79015.00,58197.00,A
B738,738,B738,EGPH,"Ożarów Mazowiecki",AV-0714,,79015.00,58197.00,A
B738,738,B738,EGPH,"Āsmār",AV-0715,,79015.00,58197.00,A
B738,738,B738,EGPH,"Livadeiá",AV-0716,,79015.00,58197.00,A
B738,738,B738,EGPH,"Villa Díaz Ordaz",AV-0717,,79015.00,58197.00,A
B738,738,B738,EGPH,"Xico",AV-0718,,79015.00,58197.00,A
B738,738,B738,EGPH,"Harrisburg",AV-0719,,79015.00,58197.00,A
A332,332,A332,EGPH,"Yan Ta Khao",AV-0720,,230000.00,118728.00,A
B752,752,B752,EGPH,"Wahpeton",AV-0721,,108862.00,74070.00,A
B752,752,B752,EGPH,"Pietroşani",AV-0722,,108862.00,74070.00,A
B752,752,B752,EGPH,"Sakai",AV-0723,,108862.00,74070.00,A
A321,321,A321,EGPH,"Przeworsk",AV-0724,,89000.00,69760.00,A
B462,142,B462,EGPH,"Tampamolón Corona",AV-0725,,40596.00,31214.00,A
B463,143,B463,EGPH,"Canadian",AV-0726,,43091.00,33709.00,A
B462,142,B462,EGPH,"Shikarpur",AV-0727,,40596.00,31214.00,A
B462,142,B462,EGPH,"Kalininskaya",AV-0728,,40596.00,31214.00,A
B462,142,B462,EGPH,"Santa Cruz del Sur",AV-0729,,40596.00,31214.00,A
B462,142,B462,EGPH,"Selby",AV-0730,,40596.00,31214.00,A
B462,142,B462,EGPH,"Tortoman",AV-0731,,40596.00,31214.00,A
B462,142,B462,EGPH,"Chikusei",AV-0732,,40596.00,31214.00,A
B462,142,B462,EGPH,"Ciucea",AV-0733,,40596.00,31214.00,A
A320,320,A320,EGPH,"Soleşti",AV-0734,,73500.00,54132.00,A
A320,320,A320,EGPH,"Ōfunato",AV-0735,,73500.00,54132.00,A
A320,320,A320,EGPH,"Goliad",AV-0736,,73500.00,54132.00,A
A320,320,A320,EGPH,"Miles City",AV-0737,,73500.00,54132.00,A
A320,320,A320,EGPH,"Pütürge",AV-0738,,73500.00,54132.00,A
A320,320,A320,EGPH,"Tlachichilco",AV-0739,,73500.00,54132.00,A
AT72,AT7,AT72,EGPH,"Mizunami",AV-0740,,21500.00,0.00,A
AT72,AT7,AT72,EGPH,"Santiago Tetepec",AV-0741,,21500.00,0.00,A
B733,733,B733,EGPH,"Acaxtlahuacán de Albino Zertuche",AV-0742,,63276.00,47196.00,A
B734,734,B734,EGPH,"Alloa",AV-0743,,68038.00,51958.00,A
B734,734,B734,EGPH,"Papalotla",AV-0744,,68038.00,51958.00,A
A320,320,A320,EGPH,"Nong Saeng",AV-0745,,73500.00,54132.00,A
A320,320,A320,EGPH,"Široki Brijeg",AV-0746,,73500.00,54132.00,A
A320,320,A320,EGPH,"Espinho",AV-0747,,73500.00,54132.00,A
A320,320,A320,EGPH,"Franklin",AV-0748,,73500.00,54132.00,A
E190,E90,E190,EGPH,"Durağan",AV-0749,,51800.00,0.00,A
A319,319,A319,EGPH,"Boţeşti",AV-0750,,64000.00,44632.00,A
A320,320,A320,EGPH,"Cadaval",AV-0751,,73500.00,54132.00,A
CRJ9,CR9,CRJ9,EGPH,"Sekimachi",AV-0752,,36514.00,27626.00,A
CRJ9,CR9,CRJ9,EGPH,"Vârfurile",AV-0753,,36514.00,27626.00,A
CRJ9,CR9,CRJ9,EGPH,"Negreşti",AV-0754,,36514.00,27626.00,A
CRJ9,CR9,CRJ9,EGPH,"Novo Virje",AV-0755,,36514.00,27626.00,A
CRJ9,CR9,CRJ9,EGPH,"Magdalena de Kino",AV-0756,,36514.00,27626.00,A
CRJ9,CR9,CRJ9,EGPH,"Green River",AV-0757,,36514.00,27626.00,A
CRJ9,CR9,CRJ9,EGPH,"Fallon",AV-0758,,36514.00,27626.00,A
CRJ9,CR9,CRJ9,EGPH,"Pucheni",AV-0759,,36514.00,27626.00,A
DH8D,DH4,DH8D,EGPH,"Chavinda",AV-0760,,30481.00,0.00,A
DH8D,DH4,DH8D,EGPH,"Tsuruoka",AV-0761,,30481.00,0.00,A
AT72,AT7,AT72,EGPH,"Horten",AV-0762,,21500.00,0.00,A
AT72,AT7,AT72,EGPH,"Tacotalpa",AV-0763,,21500.00,0.00,A
SF34,,SF34,EGPH,"Aghireșu",AV-0764,,13155.00,0.00,A
SF34,,SF34,EGPH,"Ikeda",AV-0765,,13155.00,0.00,A
SF34,,SF34,EGPH,"San Gabriel Chilac",AV-0766,,13155.00,0.00,A
B77L,77L,B77L,EGPH,"Munteni Buzău",AV-0767,,340194.00,195168.00,A
B77L,77L,B77L,EGPH,"Song Khwae",AV-0768,,340194.00,195168.00,A
B788,788,B788,EGPH,"Laval",AV-0769,,227930.00,126965.00,A
B788,788,B788,EGPH,"El Paso",AV-0770,,227930.00,126965.00,A
B788,788,B788,EGPH,"Harran",AV-0771,,227930.00,126965.00,A
B788,788,B788,EGPH,"Bacadéhuachi",AV-0772,,227930.00,126965.00,A
B77L,77L,B77L,EGPH,"Ban Lat",AV-0773,,340194.00,195168.00,A
B77L,77L,B77L,EGPH,"Probota",AV-0774,,340194.00,195168.00,A
B77L,77L,B77L,EGPH,"Narang",AV-0775,,340194.00,195168.00,A
B788,788,B788,EGPH,"Noen Kham",AV-0776,,227930.00,126965.00,A
B788,788,B788,EGPH,"Larvik",AV-0777,,227930.00,126965.00,A
B788,788,B788,EGPH,"Hokksund",AV-0778,,227930.00,126965.00,A
B77L,77L,B77L,EGPH,"Havsa",AV-0779,,340194.00,195168.00,A
B77L,77L,B77L,EGPH,"Aslanapa",AV-0780,,340194.00,195168.00,A
B788,788,B788,EGPH,"Chitral",AV-0781,,227930.00,126965.00,A
B788,788,B788,EGPH,"Bang Rachan",AV-0782,,227930.00,126965.00,A
B788,788,B788,EGPH,"Khao Kho",AV-0783,,227930.00,126965.00,A
B788,788,B788,EGPH,"Atzacan",AV-0784,,227930.00,126965.00,A
A320,320,A320,EGPH,"Hueypoxtla",AV-0785,,73500.00,54132.00,A
A320,320,A320,EGPH,"Manistique",AV-0786,,73500.00,54132.00,A
A320,320,A320,EGPH,"Williamston",AV-0787,,73500.00,54132.00,A
A320,320,A320,EGPH,"Aksu",AV-0788,,73500.00,54132.00,A
A320,320,A320,EGPH,"Aguiar da Beira",AV-0789,,73500.00,54132.00,A
A320,320,A320,EGPH,"Ekalaka",AV-0790,,73500.00,54132.00,A
A320,320,A320,EGPH,"Princess Anne",AV-0791,,73500.00,54132.00,A
A320,320,A320,EGPH,"Rotunda",AV-0792,,73500.00,54132.00,A
A321,321,A321,EGPH,"Decaturville",AV-0793,,89000.00,69760.00,A
A321,321,A321,EGPH,"Tetlatlahuca",AV-0794,,89000.00,69760.00,A
A318,318,A318,EGPH,"Cârjiţi",AV-0795,,59000.00,39632.00,A
A318,318,A318,EGPH,"Dok Kham Tai",AV-0796,,59000.00,39632.00,A
A318,318,A318,EGPH,"Derepazarı",AV-0797,,59000.00,39632.00,A
A318,318,A318,EGPH,"Teotihuacán",AV-0798,,59000.00,39632.00,A
A318,318,A318,EGPH,"Bălțești",AV-0799,,59000.00,39632.00,A
A318,318,A318,EGPH,"Durand",AV-0800,,59000.00,39632.00,A
B77L,77L,B77L,EGPH,"Santo Domingo Huehuetlán",AV-0801,,340194.00,195168.00,A
B77L,77L,B77L,EGPH,"Çardak",AV-0802,,340194.00,195168.00,A
B738,738,B738,EGPH,"Suruç",AV-0803,,79015.00,58197.00,A
B738,738,B738,EGPH,"Kloštar Podravski",AV-0804,,79015.00,58197.00,A
B738,738,B738,EGPH,"Brøndbyvester",AV-0805,,79015.00,58197.00,A
B738,738,B738,EGPH,"Nottingham",AV-0806,,79015.00,58197.00,A
B738,738,B738,EGPH,"Manassas Park",AV-0807,,79015.00,58197.00,A
B738,738,B738,EGPH,"Ferdinandovac",AV-0808,,79015.00,58197.00,A
B738,738,B738,EGPH,"Hangu",AV-0809,,79015.00,58197.00,A
B738,738,B738,EGPH,"Shimo-tsuma",AV-0810,,79015.00,58197.00,A
B190,BEH,B190,EGPH,"Ocotlán",AV-0811,,0.00,0.00,A
E190,E90,E190,EGPH,"Şile",AV-0812,,51800.00,0.00,A
E190,E90,E190,EGPH,"Champotón",AV-0813,,51800.00,0.00,A
E190,E90,E190,EGPH,"Piraziz",AV-0814,,51800.00,0.00,A
E190,E90,E190,EGPH,"Tavira",AV-0815,,51800.00,0.00,A
A320,320,A320,EGPH,"Zaybāk",AV-0816,,73500.00,54132.00,A
A21N,32Q,A21N,EGPH,"Scottsburg",AV-0817,,83000.00,0.00,A
E170,E70,E170,EGPH,"Dalton",AV-0818,,38600.00,0.00,A
E170,E70,E170,EGPH,"Greeley",AV-0819,,38600.00,0.00,A
E170,E70,E170,EGPH,"Thomasville",AV-0820,,38600.00,0.00,A
E170,E70,E170,EGPH,"Tappahannock",AV-0821,,38600.00,0.00,A
E170,E70,E170,EGPH,"Hardbakke",AV-0822,,38600.00,0.00,A
E170,E70,E170,EGPH,"Marion",AV-0823,,38600.00,0.00,A
E170,E70,E170,EGPH,"Bârza",AV-0824,,38600.00,0.00,A
E170,E70,E170,EGPH,"Mexicaltzingo",AV-0825,,38600.00,0.00,A
E170,E70,E170,EGPH,"Nishiwaki",AV-0826,,38600.00,0.00,A
E170,E70,E170,EGPH,"Windom",AV-0827,,38600.00,0.00,A
A320,320,A320,EGPH,"Lišane Ostrovičke",AV-0828,,73500.00,54132.00,A
A320,320,A320,EGPH,"Nanto",AV-0829,,73500.00,54132.00,A
A320,320,A320,EGPH,"Kozaklı",AV-0830,,73500.00,54132.00,A
A320,320,A320,EGPH,"Drănic",AV-0831,,73500.00,54132.00,A
A320,320,A320,EGPH,"Concord",AV-0832,,73500.00,54132.00,A
A320,320,A320,EGPH,"Santiago Cacaloxtepec",AV-0833,,73500.00,54132.00,A
B738,738,B738,EGPH,"Sivrice",AV-0834,,79015.00,58197.00,A
B738,738,B738,EGPH,"Tounj",AV-0835,,79015.00,58197.00,A
B752,752,B752,EGPH,"Dodurga",AV-0836,,108862.00,74070.00,A
B752,752,B752,EGPH,"Si Banphot",AV-0837,,108862.00,74070.00,A
B752,752,B752,EGPH,"Borod",AV-0838,,108862.00,74070.00,A
B752,752,B752,EGPH,"Ulieşti",AV-0839,,108862.00,74070.00,A
B752,752,B752,EGPH,"Hrvatska Dubica",AV-0840,,108862.00,74070.00,A
B752,752,B752,EGPH,"Om Koi",AV-0841,,108862.00,74070.00,A
D328,D38,D328,EGPH,"Tomnatic",AV-0842,,13990.00,0.00,A
D328,D38,D328,EGPH,"Ferreira do Zêzere",AV-0843,,13990.00,0.00,A
SB20,,SB20,EGPH,"Sonoita",AV-0844,,22800.00,0.00,A
DH8D,DH4,DH8D,EGPH,"Puchenii Mari",AV-0845,,30481.00,0.00,A
DH8D,DH4,DH8D,EGPH,"Radovanu",AV-0846,,30481.00,0.00,A
SB20,,SB20,EGPH,"Burjuc",AV-0847,,22800.00,0.00,A
SB20,,SB20,EGPH,"Chowṉêy",AV-0848,,22800.00,0.00,A
E145,ER4,E145,EGPH,"Şona",AV-0849,,0.00,0.00,A
A319,319,A319,EGPH,"Vama",AV-0850,,64000.00,44632.00,A
A319,319,A319,EGPH,"Pasnay",AV-0851,,64000.00,44632.00,A
A319,319,A319,EGPH,"Dimmitt",AV-0852,,64000.00,44632.00,A
A319,319,A319,EGPH,"Ceica",AV-0853,,64000.00,44632.00,A
A319,319,A319,EGPH,"Sever do Vouga",AV-0854,,64000.00,44632.00,A
A319,319,A319,EGPH,"Midyat",AV-0855,,64000.00,44632.00,A
A319,319,A319,EGPH,"Zanesville",AV-0856,,64000.00,44632.00,A
A319,319,A319,EGPH,"Prisăcani",AV-0857,,64000.00,44632.00,A
B738,738,B738,EGPH,"Farmville",AV-0858,,79015.00,58197.00,A
B738,738,B738,EGPH,"Baskil",AV-0859,,79015.00,58197.00,A
B738,738,B738,EGPH,"Lenti",AV-0860,,79015.00,58197.00,A
DH8D,DH4,DH8D,EGPH,"Andkhōy",AV-0861,,30481.00,0.00,A
DH8D,DH4,DH8D,EGPH,"Pecica",AV-0862,,30481.00,0.00,A
DH8D,DH4,DH8D,EGPH,"Villa González Ortega",AV-0863,,30481.00,0.00,A
DH8D,DH4,DH8D,EGPH,"Celestún",AV-0864,,30481.00,0.00,A
DH8D,DH4,DH8D,EGPH,"Ballangen",AV-0865,,30481.00,0.00,A
DH8D,DH4,DH8D,EGPH,"Alimpeşti",AV-0866,,30481.00,0.00,A
DH8D,DH4,DH8D,EGPH,"Rona de Sus",AV-0867,,30481.00,0.00,A
DH8D,DH4,DH8D,EGPH,"Stalowa Wola",AV-0868,,30481.00,0.00,A
DH8D,DH4,DH8D,EGPH,"Ash Flat",AV-0869,,30481.00,0.00,A
A318,318,A318,EGPH,"Manasia",AV-0870,,59000.00,39632.00,A
A319,319,A319,EGPH,"Jirlău",AV-0871,,64000.00,44632.00,A
A319,319,A319,EGPH,"Trosa",AV-0872,,64000.00,44632.00,A
A319,319,A319,EGPH,"Chawang",AV-0873,,64000.00,44632.00,A
A319,319,A319,EGPH,"Pampa",AV-0874,,64000.00,44632.00,A
A319,319,A319,EGPH,"White River",AV-0875,,64000.00,44632.00,A
A319,319,A319,EGPH,"Kawasaki",AV-0876,,64000.00,44632.00,A
A319,319,A319,EGPH,"Özvatan",AV-0877,,64000.00,44632.00,A
A319,319,A319,EGPH,"Sunbury",AV-0878,,64000.00,44632.00,A
A319,319,A319,EGPH,"Robinson",AV-0879,,64000.00,44632.00,A
A319,319,A319,EGPH,"Valea Mare Pravăț",AV-0880,,64000.00,44632.00,A
A319,319,A319,EGPH,"Celorico da Beira",AV-0881,,64000.00,44632.00,A
A319,319,A319,EGPH,"Miloşeşti",AV-0882,,64000.00,44632.00,A
A319,319,A319,EGPH,"Güzelyurt",AV-0883,,64000.00,44632.00,A
A319,319,A319,EGPH,"Dărăşti-Ilfov",AV-0884,,64000.00,44632.00,A
A319,319,A319,EGPH,"Beattyville",AV-0885,,64000.00,44632.00,A
A319,319,A319,EGPH,"Măguri-Răcătău",AV-0886,,64000.00,44632.00,A
A319,319,A319,EGPH,"Tapa",AV-0887,,64000.00,44632.00,A
A319,319,A319,EGPH,"Fujiidera",AV-0888,,64000.00,44632.00,A
A319,319,A319,EGPH,"Choshi",AV-0889,,64000.00,44632.00,A
A319,319,A319,EGPH,"Battle Mountain",AV-0890,,64000.00,44632.00,A
A319,319,A319,EGPH,"Nedelišće",AV-0891,,64000.00,44632.00,A
A319,319,A319,EGPH,"Smārde",AV-0892,,64000.00,44632.00,A
A319,319,A319,EGPH,"Kneževi Vinogradi",AV-0893,,64000.00,44632.00,A
A319,319,A319,EGPH,"Na Kae",AV-0894,,64000.00,44632.00,A
A319,319,A319,EGPH,"Santo Tomás Jalieza",AV-0895,,64000.00,44632.00,A
A319,319,A319,EGPH,"Scurtu Mare",AV-0896,,64000.00,44632.00,A
A319,319,A319,EGPH,"San Juan Quiotepec",AV-0897,,64000.00,44632.00,A
A319,319,A319,EGPH,"Nirasaki",AV-0898,,64000.00,44632.00,A
A319,319,A319,EGPH,"Paltin",AV-0899,,64000.00,44632.00,A
A320,320,A320,EGPH,"Turicato",AV-0900,,73500.00,54132.00,A
A320,320,A320,EGPH,"Şalpazarı",AV-0901,,73500.00,54132.00,A
A320,320,A320,EGPH,"Bunnell",AV-0902,,73500.00,54132.00,A
A320,320,A320,EGPH,"Wellsboro",AV-0903,,73500.00,54132.00,A
A320,320,A320,EGPH,"Vouzela",AV-0904,,73500.00,54132.00,A
A320,320,A320,EGPH,"Na Klang",AV-0905,,73500.00,54132.00,A
A320,320,A320,EGPH,"Cookeville",AV-0906,,73500.00,54132.00,A
A320,320,A320,EGPH,"Soledad Atzompa",AV-0907,,73500.00,54132.00,A
A320,320,A320,EGPH,"Khuan Kalong",AV-0908,,73500.00,54132.00,A
A320,320,A320,EGPH,"Sawankhalok",AV-0909,,73500.00,54132.00,A
A320,320,A320,EGPH,"Cepleniţa",AV-0910,,73500.00,54132.00,A
A320,320,A320,EGPH,"Loup City",AV-0911,,73500.00,54132.00,A
A320,320,A320,EGPH,"Križevci",AV-0912,,73500.00,54132.00,A
A321,321,A321,EGPH,"Traverse City",AV-0913,,89000.00,69760.00,A
A321,321,A321,EGPH,"Don Phut",AV-0914,,89000.00,69760.00,A
A321,321,A321,EGPH,"Suzu",AV-0915,,89000.00,69760.00,A
A321,321,A321,EGPH,"Obrejița",AV-0916,,89000.00,69760.00,A
A321,321,A321,EGPH,"Hajdúnánás",AV-0917,,89000.00,69760.00,A
A321,321,A321,EGPH,"Ål",AV-0918,,89000.00,69760.00,A
A321,321,A321,EGPH,"Izvoru Berheciului",AV-0919,,89000.00,69760.00,A
A321,321,A321,EGPH,"Sitio de Xitlapehua",AV-0920,,89000.00,69760.00,A
A321,321,A321,EGPH,"Brodski Stupnik",AV-0921,,89000.00,69760.00,A
A321,321,A321,EGPH,"Le Locle",AV-0922,,89000.00,69760.00,A
A321,321,A321,EGPH,"Pedro Betancourt",AV-0923,,89000.00,69760.00,A
A320,320,A320,EGPH,"Bijie",AV-0924,,73500.00,54132.00,A
A320,320,A320,EGPH,"Scottsville",AV-0925,,73500.00,54132.00,A
A320,320,A320,EGPH,"Jøa",AV-0926,,73500.00,54132.00,A
A320,320,A320,EGPH,"Ciudad Río Bravo",AV-0927,,73500.00,54132.00,A
A320,320,A320,EGPH,"San Salvador el Verde",AV-0928,,73500.00,54132.00,A
A320,320,A320,EGPH,"Toyooka",AV-0929,,73500.00,54132.00,A
A320,320,A320,EGPH,"Thedford",AV-0930,,73500.00,54132.00,A
A320,320,A320,EGPH,"Sitka",AV-0931,,73500.00,54132.00,A
A320,320,A320,EGPH,"Elkhart",AV-0932,,73500.00,54132.00,A
A320,320,A320,EGPH,"Rugineşti",AV-0933,,73500.00,54132.00,A
A320,320,A320,EGPH,"Iwakura",AV-0934,,73500.00,54132.00,A
A320,320,A320,EGPH,"Klenovnik",AV-0935,,73500.00,54132.00,A
A320,320,A320,EGPH,"Yenipazar",AV-0936,,73500.00,54132.00,A
A320,320,A320,EGPH,"Kawanishi",AV-0937,,73500.00,54132.00,A
A320,320,A320,EGPH,"Malå",AV-0938,,73500.00,54132.00,A
A319,319,A319,EGPH,"Kadınhanı",AV-0939,,64000.00,44632.00,A
A319,319,A319,EGPH,"Napoleonville",AV-0940,,64000.00,44632.00,A
A319,319,A319,EGPH,"Tulum",AV-0941,,64000.00,44632.00,A
A319,319,A319,EGPH,"Stara Gradiška",AV-0942,,64000.00,44632.00,A
A319,319,A319,EGPH,"Yili",AV-0943,,64000.00,44632.00,A
A319,319,A319,EGPH,"Soma",AV-0944,,64000.00,44632.00,A
A319,319,A319,EGPH,"Lugo",AV-0945,,64000.00,44632.00,A
A319,319,A319,EGPH,"Costache Negri",AV-0946,,64000.00,44632.00,A
A319,319,A319,EGPH,"Kasugai",AV-0947,,64000.00,44632.00,A
A319,319,A319,EGPH,"Rødberg",AV-0948,,64000.00,44632.00,A
A319,319,A319,EGPH,"Ukiah",AV-0949,,64000.00,44632.00,A
A319,319,A319,EGPH,"Tarasovskiy",AV-0950,,64000.00,44632.00,A
A319,319,A319,EGPH,"Forest",AV-0951,,64000.00,44632.00,A
A319,319,A319,EGPH,"Galicea Mare",AV-0952,,64000.00,44632.00,A
A319,319,A319,EGPH,"Mitsuke",AV-0953,,64000.00,44632.00,A
A319,319,A319,EGPH,"Turnu Ruieni",AV-0954,,64000.00,44632.00,A
A319,319,A319,EGPH,"Covington",AV-0955,,64000.00,44632.00,A
A319,319,A319,EGPH,"Çamaş",AV-0956,,64000.00,44632.00,A
A319,319,A319,EGPH,"Yan Nawa",AV-0957,,64000.00,44632.00,A
A319,319,A319,EGPH,"Săuca",AV-0958,,64000.00,44632.00,A
A319,319,A319,EGPH,"Fărcaşele",AV-0959,,64000.00,44632.00,A
A319,319,A319,EGPH,"Katagami",AV-0960,,64000.00,44632.00,A
A319,319,A319,EGPH,"Kewaunee",AV-0961,,64000.00,44632.00,A
A319,319,A319,EGPH,"La Unión",AV-0962,,64000.00,44632.00,A
A319,319,A319,EGPH,"Budureasa",AV-0963,,64000.00,44632.00,A
A319,319,A319,EGPH,"Morgan",AV-0964,,64000.00,44632.00,A
A319,319,A319,EGPH,"Ciudad Lerdo",AV-0965,,64000.00,44632.00,A
A319,319,A319,EGPH,"Bogata",AV-0966,,64000.00,44632.00,A
A319,319,A319,EGPH,"Chilapa de Álvarez",AV-0967,,64000.00,44632.00,A
A319,319,A319,EGPH,"La-Un",AV-0968,,64000.00,44632.00,A
A319,319,A319,EGPH,"Ciucurova",AV-0969,,64000.00,44632.00,A
A319,319,A319,EGPH,"Cetariu",AV-0970,,64000.00,44632.00,A
A319,319,A319,EGPH,"Bang Sao Thong",AV-0971,,64000.00,44632.00,A
A319,319,A319,EGPH,"Kurayoshi",AV-0972,,64000.00,44632.00,A
A319,319,A319,EGPH,"Hovden",AV-0973,,64000.00,44632.00,A
A320,320,A320,EGPH,"Schiermonnikoog",AV-0974,,73500.00,54132.00,A
A320,320,A320,EGPH,"Cermei",AV-0975,,73500.00,54132.00,A
A319,319,A319,EGPH,"Thung Tako",AV-0976,,64000.00,44632.00,A
A319,319,A319,EGPH,"Bărbulești",AV-0977,,64000.00,44632.00,A
A319,319,A319,EGPH,"Baker City",AV-0978,,64000.00,44632.00,A
A319,319,A319,EGPH,"LaFayette",AV-0979,,64000.00,44632.00,A
A319,319,A319,EGPH,"Crivăț",AV-0980,,64000.00,44632.00,A
A319,319,A319,EGPH,"Harlan",AV-0981,,64000.00,44632.00,A
A319,319,A319,EGPH,"Donostia / San Sebastián",AV-0982,,64000.00,44632.00,A
A320,320,A320,EGPH,"Väike-Maarja",AV-0983,,73500.00,54132.00,A
A320,320,A320,EGPH,"Ejutla",AV-0984,,73500.00,54132.00,A
A320,320,A320,EGPH,"Bergen",AV-0985,,73500.00,54132.00,A
A320,320,A320,EGPH,"Entroncamento",AV-0986,,73500.00,54132.00,A
A320,320,A320,EGPH,"Villa Talea de Castro",AV-0987,,73500.00,54132.00,A
A320,320,A320,EGPH,"West Bend",AV-0988,,73500.00,54132.00,A
A320,320,A320,EGPH,"Čadca",AV-0989,,73500.00,54132.00,A
A319,319,A319,EGPH,"Karaisalı",AV-0990,,64000.00,44632.00,A
A320,320,A320,EGPH,"Anqing",AV-0991,,73500.00,54132.00,A
A320,320,A320,EGPH,"Pak Thong Chai",AV-0992,,73500.00,54132.00,A
A320,320,A320,EGPH,"Ciechanów",AV-0993,,73500.00,54132.00,A
A320,320,A320,EGPH,"Magdalena Yodocono de Porfirio Díaz",AV-0994,,73500.00,54132.00,A
A320,320,A320,EGPH,"Vansbro",AV-0995,,73500.00,54132.00,A
A320,320,A320,EGPH,"Zgorzelec",AV-0996,,73500.00,54132.00,A
A320,320,A320,EGPH,"San Matias Tlalancaleca",AV-0997,,73500.00,54132.00,A
A320,320,A320,EGPH,"Göle",AV-0998,,73500.00,54132.00,A
A320,320,A320,EGPH,"Rafaila",AV-0999,,73500.00,54132.00,A
A320,320,A320,EGPH,"Morganfield",AV-1000,,73500.00,54132.00,A
